MOB.021.Rec.R1.fastq	MOB.022.Rec.R1.fastq	MOB.029.Rec.R1.fastq	MOB.037.Rec.R1.fastq	MOB.055.Rec.R1.fastq	MOB.103.Rec.R1.fastq	MOB.175.Rec.R1.fastq	MOB.195.Rec.R1.fastq	MOB.280.Rec.R1.fastq	MOB.281.Rec.R1.fastq
k__Bacteria	89180	65316	97285	69176	54100	56533	50035	72704	58873	40926
k__Archaea	0	0	0	0	0	0	9	0	0	0
p__Firmicutes_A	58059	0	595	7745	5952	3544	8925	35764	9	4889
p__Firmicutes	71940	51995	80172	61589	12469	11334	37231	47893	58856	14991
p__Bacteroidota	10374	0	2973	6702	1504	5534	646	1345	0	411
p__Fusobacteriota	168	0	0	0	4058	4159	15	0	0	3
p__Actinobacteriota	5600	112	14140	883	36025	35501	8337	23454	16	23100
p__Cyanobacteriota	39	0	0	0	0	0	0	0	0	8
p__Proteobacteria	21	13209	0	2	38	4	317	7	1	2269
p__Desulfobacterota	5	0	0	0	0	0	0	0	0	0
p__Verrucomicrobiota	0	0	0	0	3	0	15	0	0	15
p__Firmicutes_C	1985	0	2986	1595	1755	4361	281	732	0	222
p__Campylobacterota	898	0	0	0	0	1	2930	2	0	43
p__Synergistota	16	0	0	0	0	0	389	0	0	0
p__Euryarchaeota	0	0	0	0	0	0	9	0	0	0
p__Deinococcota	0	0	0	0	0	0	10	0	0	14
Firmicutes_A;c__Clostridia	58059	0	595	7745	5952	3544	8925	35764	9	4889
Firmicutes;c__Bacilli	11896	51995	76591	52249	4762	3429	28018	11397	58847	9880
Bacteroidota;c__Bacteroidia	10374	0	2973	6702	1504	5534	638	1345	0	411
Fusobacteriota;c__Fusobacteriia	168	0	0	0	4058	4159	15	0	0	3
Actinobacteriota;c__Actinobacteria	5170	112	13631	243	27765	24055	8062	23379	16	23067
Firmicutes;c__Bacilli_A	0	0	0	0	0	0	0	0	0	5
Cyanobacteriota;c__Vampirovibrionia	39	0	0	0	0	0	0	0	0	8
Proteobacteria;c__Gammaproteobacteria	18	10672	0	1	30	4	251	7	1	2044
Actinobacteriota;c__Coriobacteriia	430	0	509	640	8260	11446	275	75	0	33
Desulfobacterota;c__Desulfovibrionia	5	0	0	0	0	0	0	0	0	0
Firmicutes_C;c__Negativicutes	1985	0	2986	1595	1755	4361	281	732	0	222
Proteobacteria;c__Alphaproteobacteria	3	0	0	1	8	0	66	0	0	225
Campylobacterota;c__Campylobacteria	898	0	0	0	0	1	2930	2	0	43
Synergistota;c__Synergistia	16	0	0	0	0	0	389	0	0	0
Euryarchaeota;c__Methanobacteria	0	0	0	0	0	0	9	0	0	0
Deinococcota;c__Deinococci	0	0	0	0	0	0	10	0	0	14
Firmicutes;c__Alicyclobacillia	0	0	0	0	0	0	7	0	0	0
Verrucomicrobiota;c__Verrucomicrobiae	0	0	0	0	3	0	15	0	0	15
Firmicutes_A;Clostridia;o__Lachnospirales	4066	0	26	634	45	0	2164	107	0	468
Firmicutes;Bacilli;o__Lactobacillales	11390	27478	76587	52194	4169	3424	25986	11205	58744	9261
Firmicutes_A;Clostridia;o__Tissierellales	47313	0	556	5315	1709	997	4266	35139	8	3891
Firmicutes_A;Clostridia;o__Oscillospirales	3620	0	0	2	20	3	1071	36	0	347
Firmicutes_A;Clostridia;o__TANB77	123	0	0	0	0	0	16	0	0	0
Firmicutes_A;Clostridia;o__CAG-41	24	0	0	0	0	0	12	0	0	0
Bacteroidota;Bacteroidia;o__Bacteroidales	10374	0	2973	6702	1504	5534	638	1345	0	355
Firmicutes_A;Clostridia;o__Clostridiales	405	0	0	0	3	0	287	17	0	84
Firmicutes;Bacilli;o__Bacillales	0	12846	0	0	0	0	27	0	0	0
Fusobacteriota;Fusobacteriia;o__Fusobacteriales	168	0	0	0	4058	4159	15	0	0	3
Actinobacteriota;Actinobacteria;o__Actinomycetales	4250	0	13599	204	25573	24039	1096	680	1	1902
Firmicutes;Bacilli;o__Staphylococcales	86	11671	4	13	386	5	1914	182	89	549
Firmicutes;Bacilli_A;o__Paenibacillales	0	0	0	0	0	0	0	0	0	5
Cyanobacteriota;Vampirovibrionia;o__Gastranaerophilales	39	0	0	0	0	0	0	0	0	8
Actinobacteriota;Actinobacteria;o__Corynebacteriales	920	112	32	39	2192	16	6966	22699	15	21165
Proteobacteria;Gammaproteobacteria;o__Betaproteobacteriales	16	2	0	1	12	0	128	0	0	138
Actinobacteriota;Coriobacteriia;o__Coriobacteriales	430	0	509	640	8260	11446	275	75	0	33
Desulfobacterota;Desulfovibrionia;o__Desulfovibrionales	5	0	0	0	0	0	0	0	0	0
Firmicutes_C;Negativicutes;o__Veillonellales	1826	0	2986	1595	1755	4361	273	732	0	222
Proteobacteria;Gammaproteobacteria;o__Xanthomonadales	0	0	0	0	0	0	0	0	0	6
Proteobacteria;Alphaproteobacteria;o__Sphingomonadales	0	0	0	0	1	0	17	0	0	183
Campylobacterota;Campylobacteria;o__Campylobacterales	898	0	0	0	0	1	2930	2	0	43
Proteobacteria;Gammaproteobacteria;o__Enterobacterales	2	10670	0	0	9	0	108	1	0	1504
Firmicutes;Bacilli;o__Erysipelotrichales	402	0	0	0	5	0	51	9	0	59
Proteobacteria;Gammaproteobacteria;o__Pseudomonadales	0	0	0	0	9	4	15	6	1	396
Synergistota;Synergistia;o__Synergistales	16	0	0	0	0	0	389	0	0	0
Firmicutes_A;Clostridia;o__Peptostreptococcales	2442	0	13	1794	0	8	324	361	1	98
Firmicutes_C;Negativicutes;o__Selenomonadales	1	0	0	0	0	0	8	0	0	0
Proteobacteria;Alphaproteobacteria;o__Rhizobiales	0	0	0	1	7	0	30	0	0	42
Firmicutes_A;Clostridia;o__Eubacteriales	0	0	0	0	0	0	690	0	0	0
Proteobacteria;Alphaproteobacteria;o__Rhodobacterales	0	0	0	0	0	0	10	0	0	0
Firmicutes_C;Negativicutes;o__Acidaminococcales	158	0	0	0	0	0	0	0	0	0
Euryarchaeota;Methanobacteria;o__Methanobacteriales	0	0	0	0	0	0	9	0	0	0
Firmicutes;Bacilli;o__Haloplasmatales	18	0	0	0	0	0	0	0	0	6
Proteobacteria;Alphaproteobacteria;o__RF32	3	0	0	0	0	0	0	0	0	0
Proteobacteria;Alphaproteobacteria;o__Acetobacterales	0	0	0	0	0	0	9	0	0	0
Firmicutes_A;Clostridia;o__Saccharofermentanales	0	0	0	0	4175	2536	0	0	0	1
Deinococcota;Deinococci;o__Deinococcales	0	0	0	0	0	0	10	0	0	14
Bacteroidota;Bacteroidia;o__Flavobacteriales	0	0	0	0	0	0	0	0	0	56
Firmicutes;Alicyclobacillia;o__Alicyclobacillales	0	0	0	0	0	0	7	0	0	0
Firmicutes_A;Clostridia;o__Christensenellales	22	0	0	0	0	0	0	0	0	0
Verrucomicrobiota;Verrucomicrobiae;o__Verrucomicrobiales	0	0	0	0	3	0	15	0	0	15
Firmicutes;Bacilli;o__Mycoplasmatales	0	0	0	42	192	0	40	1	14	0
Firmicutes_A;Clostridia;Lachnospirales;f__Lachnospiraceae	4060	0	26	634	45	0	2150	107	0	468
Firmicutes;Bacilli;Lactobacillales;f__Streptococcaceae	233	1	257	199	24	11	51	130	57112	78
Firmicutes_A;Clostridia;Tissierellales;f__Helcococcaceae	22188	0	488	4039	1399	956	2864	22691	5	2877
Firmicutes_A;Clostridia;Oscillospirales;f__Ruminococcaceae	2935	0	0	2	20	2	741	25	0	212
Firmicutes_A;Clostridia;TANB77;f__CAG-508	123	0	0	0	0	0	16	0	0	0
Firmicutes_A;Clostridia;CAG-41;f__UBA1381	24	0	0	0	0	0	12	0	0	0
Bacteroidota;Bacteroidia;Bacteroidales;f__Tannerellaceae	2	0	0	0	0	0	11	0	0	9
Firmicutes_A;Clostridia;Clostridiales;f__Clostridiaceae	405	0	0	0	3	0	287	17	0	84
Firmicutes;Bacilli;Bacillales;f__Bacillaceae_G	0	0	0	0	0	0	20	0	0	0
Fusobacteriota;Fusobacteriia;Fusobacteriales;f__Leptotrichiaceae	0	0	0	0	4058	4159	0	0	0	0
Firmicutes;Bacilli;Lactobacillales;f__Enterococcaceae	0	8517	0	1	0	0	12	0	26	7
Firmicutes_A;Clostridia;Tissierellales;f__Peptoniphilaceae	18654	0	68	1275	310	34	1127	11178	3	987
Actinobacteriota;Actinobacteria;Actinomycetales;f__Microbacteriaceae	0	0	0	0	0	0	0	67	0	40
Firmicutes_A;Clostridia;Oscillospirales;f__Oscillospiraceae	152	0	0	0	0	0	121	1	0	0
Actinobacteriota;Actinobacteria;Actinomycetales;f__Actinomycetaceae	476	0	0	0	115	1	434	467	1	79
Actinobacteriota;Actinobacteria;Actinomycetales;f__Brevibacteriaceae	1	0	0	0	0	0	69	0	0	589
Bacteroidota;Bacteroidia;Bacteroidales;f__Porphyromonadaceae	1569	0	0	0	0	0	77	258	0	0
Firmicutes;Bacilli;Staphylococcales;f__Staphylococcaceae	86	11671	4	11	135	5	1914	182	89	531
Firmicutes;Bacilli_A;Paenibacillales;f__Paenibacillaceae	0	0	0	0	0	0	0	0	0	5
Bacteroidota;Bacteroidia;Bacteroidales;f__Bacteroidaceae	8757	0	2973	6702	1497	5533	480	1087	0	306
Firmicutes;Bacilli;Lactobacillales;f__Lactobacillaceae	11100	5569	76330	51994	3043	3303	25557	6726	1606	8741
Cyanobacteriota;Vampirovibrionia;Gastranaerophilales;f__Gastranaerophilaceae	39	0	0	0	0	0	0	0	0	8
Actinobacteriota;Actinobacteria;Corynebacteriales;f__Corynebacteriaceae	920	0	32	39	2192	16	6966	22699	15	21165
Proteobacteria;Gammaproteobacteria;Betaproteobacteriales;f__Burkholderiaceae	16	0	0	0	10	0	109	0	0	132
Actinobacteriota;Coriobacteriia;Coriobacteriales;f__Eggerthellaceae	76	0	0	0	358	219	56	0	0	0
Actinobacteriota;Coriobacteriia;Coriobacteriales;f__Coriobacteriaceae	152	0	0	0	0	0	198	0	0	20
Desulfobacterota;Desulfovibrionia;Desulfovibrionales;f__Desulfovibrionaceae	5	0	0	0	0	0	0	0	0	0
Actinobacteriota;Coriobacteriia;Coriobacteriales;f__Atopobiaceae	194	0	509	640	7902	11227	21	66	0	13
Actinobacteriota;Actinobacteria;Actinomycetales;f__Dermabacteraceae	0	0	0	0	0	0	32	43	0	203
Firmicutes_C;Negativicutes;Veillonellales;f__Megasphaeraceae	45	0	71	0	1521	3928	20	4	0	4
Proteobacteria;Gammaproteobacteria;Xanthomonadales;f__Xanthomonadaceae	0	0	0	0	0	0	0	0	0	6
Fusobacteriota;Fusobacteriia;Fusobacteriales;f__Fusobacteriaceae	168	0	0	0	0	0	15	0	0	3
Proteobacteria;Alphaproteobacteria;Sphingomonadales;f__Sphingomonadaceae	0	0	0	0	1	0	17	0	0	183
Firmicutes_C;Negativicutes;Veillonellales;f__Dialisteraceae	1578	0	2915	1485	223	433	193	334	0	64
Campylobacterota;Campylobacteria;Campylobacterales;f__Campylobacteraceae	898	0	0	0	0	1	2930	2	0	43
Proteobacteria;Gammaproteobacteria;Enterobacterales;f__Enterobacteriaceae	2	10670	0	0	5	0	70	1	0	1478
Firmicutes;Bacilli;Erysipelotrichales;f__Erysipelotrichaceae	0	0	0	0	5	0	33	6	0	28
Proteobacteria;Gammaproteobacteria;Enterobacterales;f__Pasteurellaceae	0	0	0	0	4	0	5	0	0	7
Proteobacteria;Gammaproteobacteria;Pseudomonadales;f__Moraxellaceae	0	0	0	0	9	4	15	6	1	396
Synergistota;Synergistia;Synergistales;f__Dethiosulfovibrionaceae	16	0	0	0	0	0	389	0	0	0
Firmicutes_A;Clostridia;Oscillospirales;f__DTU089	270	0	0	0	0	1	181	10	0	126
Proteobacteria;Gammaproteobacteria;Betaproteobacteriales;f__Neisseriaceae	0	2	0	1	2	0	8	0	0	6
Firmicutes_A;Clostridia;Lachnospirales;f__Anaerotignaceae	6	0	0	0	0	0	14	0	0	0
Firmicutes;Bacilli;Lactobacillales;f__Aerococcaceae	57	0	0	0	1102	110	366	4349	0	435
Firmicutes_C;Negativicutes;Selenomonadales;f__Selenomonadaceae	1	0	0	0	0	0	8	0	0	0
Proteobacteria;Gammaproteobacteria;Enterobacterales;f__Succinivibrionaceae	0	0	0	0	0	0	33	0	0	17
Proteobacteria;Alphaproteobacteria;Rhizobiales;f__Rhizobiaceae	0	0	0	1	7	0	10	0	0	0
Firmicutes_A;Clostridia;Peptostreptococcales;f__Anaerovoracaceae	1995	0	0	0	0	0	139	9	0	0
Actinobacteriota;Actinobacteria;Actinomycetales;f__Bifidobacteriaceae	3768	0	13599	204	25380	24038	533	71	0	165
Firmicutes_A;Clostridia;Eubacteriales;f__Eubacteriaceae	0	0	0	0	0	0	690	0	0	0
Bacteroidota;Bacteroidia;Bacteroidales;f__Muribaculaceae	0	0	0	0	0	0	16	0	0	0
Actinobacteriota;Actinobacteria;Corynebacteriales;f__Geodermatophilaceae	0	112	0	0	0	0	0	0	0	0
Proteobacteria;Alphaproteobacteria;Rhodobacterales;f__Rhodobacteraceae	0	0	0	0	0	0	10	0	0	0
Firmicutes_A;Clostridia;Peptostreptococcales;f__Peptostreptococcaceae	447	0	13	1794	0	8	185	352	1	98
Firmicutes;Bacilli;Erysipelotrichales;f__Erysipelatoclostridiaceae	402	0	0	0	0	0	18	3	0	31
Bacteroidota;Bacteroidia;Bacteroidales;f__Rikenellaceae	21	0	0	0	7	0	47	0	0	25
Firmicutes_A;Clostridia;Tissierellales;f__Ezakiellaceae	6411	0	0	1	0	7	275	1259	0	27
Actinobacteriota;Actinobacteria;Actinomycetales;f__Micrococcaceae	5	0	0	0	78	0	10	32	0	826
Firmicutes_C;Negativicutes;Acidaminococcales;f__Acidaminococcaceae	158	0	0	0	0	0	0	0	0	0
Firmicutes_A;Clostridia;Oscillospirales;f__Butyricicoccaceae	85	0	0	0	0	0	18	0	0	9
Euryarchaeota;Methanobacteria;Methanobacteriales;f__Methanobacteriaceae	0	0	0	0	0	0	9	0	0	0
Firmicutes;Bacilli;Haloplasmatales;f__Turicibacteraceae	18	0	0	0	0	0	0	0	0	6
Firmicutes;Bacilli;Lactobacillales;f__Listeriaceae	0	13391	0	0	0	0	0	0	0	0
Proteobacteria;Alphaproteobacteria;RF32;f__CAG-239	3	0	0	0	0	0	0	0	0	0
Proteobacteria;Alphaproteobacteria;Rhizobiales;f__Xanthobacteraceae	0	0	0	0	0	0	20	0	0	0
Bacteroidota;Bacteroidia;Bacteroidales;f__Marinifilaceae	3	0	0	0	0	0	0	0	0	0
Proteobacteria;Alphaproteobacteria;Acetobacterales;f__Acetobacteraceae	0	0	0	0	0	0	9	0	0	0
Firmicutes_C;Negativicutes;Veillonellales;f__Veillonellaceae	0	0	0	110	11	0	0	39	0	102
Actinobacteriota;Actinobacteria;Actinomycetales;f__Dermatophilaceae	0	0	0	0	0	0	18	0	0	0
Firmicutes;Bacilli;Staphylococcales;f__Gemellaceae	0	0	0	2	251	0	0	0	0	6
Firmicutes_A;Clostridia;Saccharofermentanales;f__KA00274	0	0	0	0	3980	2200	0	0	0	1
Firmicutes;Bacilli;Bacillales;f__Bacillaceae	0	12846	0	0	0	0	20	0	0	0
Proteobacteria;Alphaproteobacteria;Rhizobiales;f__Beijerinckiaceae	0	0	0	0	0	0	0	0	0	42
Deinococcota;Deinococci;Deinococcales;f__Thermaceae	0	0	0	0	0	0	10	0	0	14
Firmicutes;Bacilli;Bacillales;f__Marinococcaceae	0	0	0	0	0	0	7	0	0	0
Bacteroidota;Bacteroidia;Flavobacteriales;f__Weeksellaceae	0	0	0	0	0	0	0	0	0	56
Firmicutes;Alicyclobacillia;Alicyclobacillales;f__Alicyclobacillaceae	0	0	0	0	0	0	7	0	0	0
Firmicutes_A;Clostridia;Christensenellales;f__CAG-138	22	0	0	0	0	0	0	0	0	0
Bacteroidota;Bacteroidia;Bacteroidales;f__Coprobacteraceae	0	0	0	0	0	0	7	0	0	15
Proteobacteria;Gammaproteobacteria;Betaproteobacteriales;f__Rhodocyclaceae	0	0	0	0	0	0	11	0	0	0
Firmicutes;Bacilli;Staphylococcales;f__Salinicoccaceae	0	0	0	0	0	0	0	0	0	12
Verrucomicrobiota;Verrucomicrobiae;Verrucomicrobiales;f__Akkermansiaceae	0	0	0	0	3	0	15	0	0	15
Firmicutes_A;Clostridia;Saccharofermentanales;f__Mageeibacillaceae	0	0	0	0	195	336	0	0	0	0
Firmicutes;Bacilli;Mycoplasmatales;f__Ureaplasmataceae	0	0	0	42	86	0	40	1	14	0
Firmicutes;Bacilli;Mycoplasmatales;f__Mycoplasmataceae_B	0	0	0	0	106	0	0	0	0	0
Firmicutes_A;Clostridia;Lachnospirales;Lachnospiraceae;g__Ruminococcus_B	177	0	0	0	3	0	110	2	0	5
Firmicutes;Bacilli;Lactobacillales;Streptococcaceae;g__Streptococcus	233	1	257	199	24	11	51	130	57112	78
Firmicutes_A;Clostridia;Tissierellales;Helcococcaceae;g__Murdochiella	10	0	0	0	0	0	8	9	0	0
Firmicutes_A;Clostridia;Lachnospirales;Lachnospiraceae;g__CAG-45	0	0	0	0	0	0	9	0	0	0
Firmicutes_A;Clostridia;Tissierellales;Helcococcaceae;g__Finegoldia	10638	0	488	1444	532	58	847	13876	3	1468
Firmicutes_A;Clostridia;Lachnospirales;Lachnospiraceae;g__Dorea	425	0	0	1	1	0	139	2	0	31
Firmicutes_A;Clostridia;Oscillospirales;Ruminococcaceae;g__Ruminiclostridium_E	32	0	0	0	0	0	11	0	0	14
Firmicutes_A;Clostridia;TANB77;CAG-508;g__CAG-354	123	0	0	0	0	0	16	0	0	0
Firmicutes_A;Clostridia;CAG-41;UBA1381;g__CAG-41	24	0	0	0	0	0	12	0	0	0
Bacteroidota;Bacteroidia;Bacteroidales;Tannerellaceae;g__Parabacteroides	2	0	0	0	0	0	11	0	0	9
Firmicutes_A;Clostridia;Oscillospirales;Ruminococcaceae;g__Ruminococcus_C	668	0	0	0	0	0	27	0	0	3
Firmicutes_A;Clostridia;Clostridiales;Clostridiaceae;g__Clostridium_P	33	0	0	0	2	0	23	0	0	55
Firmicutes;Bacilli;Bacillales;Bacillaceae_G;g__Bacillus_A	0	0	0	0	0	0	20	0	0	0
Firmicutes_A;Clostridia;Lachnospirales;Lachnospiraceae;g__992a	40	0	0	0	0	0	41	0	0	23
Firmicutes_A;Clostridia;Lachnospirales;Lachnospiraceae;g__CHKCI001	116	0	0	0	2	0	31	0	0	49
Fusobacteriota;Fusobacteriia;Fusobacteriales;Leptotrichiaceae;g__Sneathia	0	0	0	0	4058	4159	0	0	0	0
Actinobacteriota;Actinobacteria;Actinomycetales;Microbacteriaceae;g__Cryobacterium	0	0	0	0	0	0	0	67	0	0
Firmicutes_A;Clostridia;Oscillospirales;Oscillospiraceae;g__Oscillibacter	85	0	0	0	0	0	52	0	0	0
Firmicutes_A;Clostridia;Lachnospirales;Lachnospiraceae;g__Coprococcus	41	0	0	0	0	0	17	0	0	42
Actinobacteriota;Actinobacteria;Actinomycetales;Actinomycetaceae;g__Varibaculum	175	0	0	0	26	0	69	62	1	42
Actinobacteriota;Actinobacteria;Actinomycetales;Brevibacteriaceae;g__Brevibacterium	1	0	0	0	0	0	69	0	0	589
Bacteroidota;Bacteroidia;Bacteroidales;Porphyromonadaceae;g__Porphyromonas	1569	0	0	0	0	0	77	258	0	0
Firmicutes_A;Clostridia;Tissierellales;Peptoniphilaceae;g__Urinacoccus	222	0	0	0	0	3	36	1158	0	41
Firmicutes;Bacilli;Staphylococcales;Staphylococcaceae;g__Staphylococcus	86	11671	4	11	135	5	1914	182	89	531
Firmicutes;Bacilli_A;Paenibacillales;Paenibacillaceae;g__Paenibacillus_G	0	0	0	0	0	0	0	0	0	5
Firmicutes_A;Clostridia;Oscillospirales;Ruminococcaceae;g__Faecalibacterium	2047	0	0	1	15	2	454	18	0	141
Bacteroidota;Bacteroidia;Bacteroidales;Bacteroidaceae;g__Prevotella	8689	0	2973	6702	1484	5533	335	1087	0	253
Firmicutes;Bacilli;Lactobacillales;Lactobacillaceae;g__Lactobacillus	11100	5569	76330	51240	3043	3303	25557	6566	1606	8741
Firmicutes_A;Clostridia;Lachnospirales;Lachnospiraceae;g__Fusicatenibacter	469	0	0	0	1	0	133	0	0	41
Firmicutes_A;Clostridia;Tissierellales;Peptoniphilaceae;g__Peptoniphilus_A	12474	0	68	1275	267	24	856	5643	3	907
Firmicutes_A;Clostridia;Tissierellales;Helcococcaceae;g__Anaerococcus	6350	0	0	2595	382	271	1779	8611	2	1377
Actinobacteriota;Actinobacteria;Corynebacteriales;Corynebacteriaceae;g__Corynebacterium	793	0	32	39	2182	16	6944	22684	15	21087
Proteobacteria;Gammaproteobacteria;Betaproteobacteriales;Burkholderiaceae;g__Parasutterella	0	0	0	0	0	0	0	0	0	7
Firmicutes_A;Clostridia;Tissierellales;Peptoniphilaceae;g__Neofamilia	0	0	0	0	0	0	48	2295	0	0
Actinobacteriota;Coriobacteriia;Coriobacteriales;Coriobacteriaceae;g__Collinsella	152	0	0	0	0	0	198	0	0	20
Firmicutes_A;Clostridia;Tissierellales;Peptoniphilaceae;g__Peptoniphilus_C	5496	0	0	0	43	1	67	1745	0	24
Bacteroidota;Bacteroidia;Bacteroidales;Bacteroidaceae;g__Prevotellamassilia	0	0	0	0	0	0	16	0	0	0
Actinobacteriota;Coriobacteriia;Coriobacteriales;Atopobiaceae;g__UBA1382	12	0	0	0	0	0	0	0	0	0
Actinobacteriota;Actinobacteria;Actinomycetales;Dermabacteraceae;g__Brachybacterium	0	0	0	0	0	0	11	0	0	74
Firmicutes_A;Clostridia;Tissierellales;Helcococcaceae;g__Lagierella	121	0	0	0	0	0	111	12	0	0
Firmicutes_C;Negativicutes;Veillonellales;Megasphaeraceae;g__Megasphaera	13	0	0	0	0	0	8	4	0	4
Fusobacteriota;Fusobacteriia;Fusobacteriales;Fusobacteriaceae;g__Fusobacterium_A	0	0	0	0	0	0	15	0	0	3
Proteobacteria;Alphaproteobacteria;Sphingomonadales;Sphingomonadaceae;g__Sphingobium	0	0	0	0	0	0	0	0	0	10
Campylobacterota;Campylobacteria;Campylobacterales;Campylobacteraceae;g__Campylobacter_B	898	0	0	0	0	1	2930	2	0	43
Proteobacteria;Gammaproteobacteria;Enterobacterales;Enterobacteriaceae;g__Escherichia	0	4737	0	0	1	0	26	1	0	22
Firmicutes_A;Clostridia;Lachnospirales;Lachnospiraceae;g__Eubacterium_E	68	0	0	0	0	0	76	0	0	20
Firmicutes;Bacilli;Lactobacillales;Lactobacillaceae;g__Lactobacillus_B	4	0	0	0	0	0	0	2	8	0
Firmicutes;Bacilli;Erysipelotrichales;Erysipelotrichaceae;g__Allobaculum	0	0	0	0	0	0	14	0	0	0
Proteobacteria;Gammaproteobacteria;Enterobacterales;Pasteurellaceae;g__Haemophilus_D	0	0	0	0	4	0	5	0	0	7
Proteobacteria;Gammaproteobacteria;Pseudomonadales;Moraxellaceae;g__Acinetobacter	0	0	0	0	0	4	15	0	0	389
Actinobacteriota;Coriobacteriia;Coriobacteriales;Atopobiaceae;g__Atopobium_B	65	0	509	640	0	0	0	66	0	0
Synergistota;Synergistia;Synergistales;Dethiosulfovibrionaceae;g__Pyramidobacter	0	0	0	0	0	0	7	0	0	0
Firmicutes_A;Clostridia;Oscillospirales;DTU089;g__Eubacterium_R	22	0	0	0	0	0	13	0	0	0
Fusobacteriota;Fusobacteriia;Fusobacteriales;Fusobacteriaceae;g__Fusobacterium	168	0	0	0	0	0	15	0	0	3
Firmicutes_A;Clostridia;Clostridiales;Clostridiaceae;g__Clostridium	416	0	0	0	3	0	309	17	0	84
Firmicutes_A;Clostridia;Lachnospirales;Lachnospiraceae;g__Blautia_A	1079	0	0	0	14	0	708	3	0	133
Firmicutes_A;Clostridia;Lachnospirales;Anaerotignaceae;g__Anaerotignum	6	0	0	0	0	0	14	0	0	0
Firmicutes;Bacilli;Lactobacillales;Aerococcaceae;g__Aerococcus	0	0	0	0	1084	110	33	0	0	58
Firmicutes_C;Negativicutes;Selenomonadales;Selenomonadaceae;g__Megamonas	0	0	0	0	0	0	8	0	0	0
Actinobacteriota;Actinobacteria;Actinomycetales;Actinomycetaceae;g__Actinomyces_B	30	0	0	0	0	0	19	197	0	6
Bacteroidota;Bacteroidia;Bacteroidales;Bacteroidaceae;g__Bacteroides	68	0	0	0	13	0	129	0	0	53
Firmicutes_A;Clostridia;Tissierellales;Helcococcaceae;g__Parvimonas	0	0	0	0	485	627	0	0	0	0
Firmicutes_A;Clostridia;Lachnospirales;Lachnospiraceae;g__GCA-900066135	53	0	0	0	0	0	2	0	0	0
Firmicutes_A;Clostridia;Lachnospirales;Lachnospiraceae;g__Roseburia	195	0	0	0	10	0	114	0	0	25
Proteobacteria;Gammaproteobacteria;Enterobacterales;Succinivibrionaceae;g__Succinivibrio	0	0	0	0	0	0	33	0	0	17
Proteobacteria;Alphaproteobacteria;Rhizobiales;Rhizobiaceae;g__Aquamicrobium	0	0	0	1	7	0	10	0	0	0
Firmicutes_A;Clostridia;Tissierellales;Peptoniphilaceae;g__Peptoniphilus	18432	0	68	1275	310	27	1043	7548	3	946
Firmicutes_A;Clostridia;Peptostreptococcales;Anaerovoracaceae;g__Mogibacterium	777	0	0	0	0	0	27	1	0	0
Actinobacteriota;Actinobacteria;Actinomycetales;Bifidobacteriaceae;g__Bifidobacterium	3768	0	13599	199	25380	24038	533	70	0	165
Actinobacteriota;Coriobacteriia;Coriobacteriales;Eggerthellaceae;g__DNF00809	0	0	0	0	358	219	0	0	0	0
Firmicutes_A;Clostridia;Lachnospirales;Lachnospiraceae;g__CAG-81	24	0	0	0	0	0	3	0	0	0
Firmicutes_A;Clostridia;Eubacteriales;Eubacteriaceae;g__Eubacterium_O	0	0	0	0	0	0	690	0	0	0
Actinobacteriota;Actinobacteria;Corynebacteriales;Geodermatophilaceae;g__Blastococcus	0	112	0	0	0	0	0	0	0	0
Firmicutes_A;Clostridia;Peptostreptococcales;Anaerovoracaceae;g__Emergencia	1	0	0	0	0	0	0	0	0	0
Proteobacteria;Alphaproteobacteria;Rhodobacterales;Rhodobacteraceae;g__Paracoccus	0	0	0	0	0	0	10	0	0	0
Firmicutes_A;Clostridia;Peptostreptococcales;Peptostreptococcaceae;g__Romboutsia	51	0	0	0	0	0	128	4	0	20
Cyanobacteriota;Vampirovibrionia;Gastranaerophilales;Gastranaerophilaceae;g__UBA2883	39	0	0	0	0	0	0	0	0	0
Firmicutes;Bacilli;Erysipelotrichales;Erysipelatoclostridiaceae;g__Catenibacterium	402	0	0	0	0	0	0	3	0	27
Synergistota;Synergistia;Synergistales;Dethiosulfovibrionaceae;g__Jonquetella	16	0	0	0	0	0	382	0	0	0
Firmicutes_A;Clostridia;Tissierellales;Ezakiellaceae;g__Fenollaria	3398	0	0	1	0	7	114	88	0	17
Firmicutes;Bacilli;Erysipelotrichales;Erysipelotrichaceae;g__Dubosiella	0	0	0	0	5	0	7	5	0	22
Actinobacteriota;Actinobacteria;Actinomycetales;Micrococcaceae;g__Rothia	4	0	0	0	70	0	0	32	0	11
Firmicutes;Bacilli;Lactobacillales;Lactobacillaceae;g__Lactobacillus_H	218	5548	900	1076	0	0	34	201	0	0
Firmicutes;Bacilli;Lactobacillales;Aerococcaceae;g__Facklamia	57	0	0	0	17	0	184	3037	0	65
Proteobacteria;Alphaproteobacteria;Sphingomonadales;Sphingomonadaceae;g__Blastomonas	0	0	0	0	0	0	0	0	0	37
Proteobacteria;Gammaproteobacteria;Enterobacterales;Enterobacteriaceae;g__Citrobacter	0	0	0	0	0	0	8	0	0	0
Proteobacteria;Gammaproteobacteria;Pseudomonadales;Moraxellaceae;g__Enhydrobacter	0	0	0	0	9	0	0	6	1	7
Actinobacteriota;Actinobacteria;Actinomycetales;Micrococcaceae;g__Pseudoglutamicibacter	1	0	0	0	0	0	5	0	0	716
Actinobacteriota;Coriobacteriia;Coriobacteriales;Eggerthellaceae;g__Senegalimassilia	38	0	0	0	0	0	56	0	0	0
Firmicutes_A;Clostridia;Lachnospirales;Lachnospiraceae;g__Lachnospira	248	0	0	1	0	0	10	0	0	12
Firmicutes_A;Clostridia;Lachnospirales;Lachnospiraceae;g__Lachnoanaerobaculum	0	0	0	0	0	0	14	0	0	0
Firmicutes_A;Clostridia;Lachnospirales;Lachnospiraceae;g__CAG-65	78	0	0	0	6	0	44	0	0	18
Firmicutes_A;Clostridia;Oscillospirales;Butyricicoccaceae;g__Agathobaculum	73	0	0	0	0	0	9	0	0	9
Firmicutes_A;Clostridia;Tissierellales;Peptoniphilaceae;g__Peptoniphilus_B	188	0	0	0	0	1	60	1	0	15
Firmicutes_C;Negativicutes;Veillonellales;Dialisteraceae;g__Dialister	1578	0	2915	1485	170	204	193	334	0	54
Firmicutes_A;Clostridia;Oscillospirales;Butyricicoccaceae;g__Intestinibacillus	12	0	0	0	0	0	9	0	0	0
Euryarchaeota;Methanobacteria;Methanobacteriales;Methanobacteriaceae;g__UBA419	0	0	0	0	0	0	9	0	0	0
Firmicutes;Bacilli;Haloplasmatales;Turicibacteraceae;g__Turicibacter	18	0	0	0	0	0	0	0	0	6
Firmicutes;Bacilli;Erysipelotrichales;Erysipelotrichaceae;g__Faecalibaculum	0	0	0	0	0	0	12	0	0	0
Firmicutes;Bacilli;Lactobacillales;Listeriaceae;g__Listeria	0	13391	0	0	0	0	0	0	0	0
Proteobacteria;Alphaproteobacteria;RF32;CAG-239;g__CAG-495	3	0	0	0	0	0	0	0	0	0
Firmicutes_A;Clostridia;Tissierellales;Helcococcaceae;g__W5053	177	0	0	0	0	0	0	4	0	0
Firmicutes_A;Clostridia;Lachnospirales;Lachnospiraceae;g__CAG-24	48	0	0	0	0	0	21	0	0	9
Firmicutes_A;Clostridia;Oscillospirales;Oscillospiraceae;g__Intestinimonas	9	0	0	0	0	0	0	0	0	0
Proteobacteria;Gammaproteobacteria;Betaproteobacteriales;Burkholderiaceae;g__Paucibacter	0	0	0	0	0	0	14	0	0	0
Actinobacteriota;Coriobacteriia;Coriobacteriales;Atopobiaceae;g__Atopobium	65	0	509	640	0	0	0	66	0	6
Firmicutes_A;Clostridia;Oscillospirales;Oscillospiraceae;g__CAG-110	15	0	0	0	0	0	11	0	0	0
Firmicutes_A;Clostridia;Oscillospirales;Ruminococcaceae;g__Ruminococcus_D	13	0	0	0	0	0	10	0	0	5
Actinobacteriota;Coriobacteriia;Coriobacteriales;Eggerthellaceae;g__Enterorhabdus	10	0	0	0	0	0	0	0	0	0
Firmicutes_A;Clostridia;Oscillospirales;DTU089;g__Ruminococcus_E	242	0	0	0	0	0	146	10	0	119
Firmicutes_A;Clostridia;Oscillospirales;Ruminococcaceae;g__Subdoligranulum	89	0	0	0	0	0	139	7	0	31
Bacteroidota;Bacteroidia;Bacteroidales;Marinifilaceae;g__Odoribacter	3	0	0	0	0	0	0	0	0	0
Actinobacteriota;Actinobacteria;Actinomycetales;Actinomycetaceae;g__Actinomyces_C	42	0	0	0	0	0	14	17	0	0
Proteobacteria;Gammaproteobacteria;Betaproteobacteriales;Neisseriaceae;g__Neisseria	0	2	0	0	0	0	8	0	0	0
Actinobacteriota;Actinobacteria;Actinomycetales;Micrococcaceae;g__Kocuria	0	0	0	0	0	0	5	0	0	0
Proteobacteria;Alphaproteobacteria;Acetobacterales;Acetobacteraceae;g__Roseomonas	0	0	0	0	0	0	9	0	0	0
Firmicutes_A;Clostridia;Lachnospirales;Lachnospiraceae;g__CAG-56	40	0	0	0	0	0	0	0	0	3
Firmicutes_A;Clostridia;Peptostreptococcales;Peptostreptococcaceae;g__Intestinibacter	161	0	0	0	0	0	20	0	0	0
Cyanobacteriota;Vampirovibrionia;Gastranaerophilales;Gastranaerophilaceae;g__Zag1	0	0	0	0	0	0	0	0	0	8
Actinobacteriota;Coriobacteriia;Coriobacteriales;Atopobiaceae;g__Olegusella	35	0	0	0	7902	11227	21	0	0	7
Firmicutes_C;Negativicutes;Veillonellales;Veillonellaceae;g__Veillonella_A	0	0	0	0	11	0	0	26	0	102
Firmicutes_A;Clostridia;Oscillospirales;Oscillospiraceae;g__Clostridium_AJ	11	0	0	0	0	0	22	0	0	0
Firmicutes;Bacilli;Lactobacillales;Aerococcaceae;g__Facklamia_A	1	0	0	0	0	0	94	0	0	32
Actinobacteriota;Actinobacteria;Actinomycetales;Dermatophilaceae;g__Janibacter	0	0	0	0	0	0	18	0	0	0
Proteobacteria;Gammaproteobacteria;Xanthomonadales;Xanthomonadaceae;g__Luteimonas	0	0	0	0	0	0	0	0	0	6
Firmicutes;Bacilli;Staphylococcales;Gemellaceae;g__Gemella_A	0	0	0	2	251	0	0	0	0	6
Firmicutes_A;Clostridia;Lachnospirales;Lachnospiraceae;g__Agathobacter	103	0	0	0	8	0	95	0	0	47
Proteobacteria;Gammaproteobacteria;Betaproteobacteriales;Burkholderiaceae;g__Sutterella	5	0	0	0	0	0	0	0	0	3
Firmicutes_A;Clostridia;Oscillospirales;DTU089;g__DTU053	6	0	0	0	0	1	17	0	0	7
Actinobacteriota;Actinobacteria;Actinomycetales;Actinomycetaceae;g__Mobiluncus	127	0	0	0	77	0	251	0	0	0
Firmicutes_C;Negativicutes;Acidaminococcales;Acidaminococcaceae;g__Acidaminococcus	158	0	0	0	0	0	0	0	0	0
Proteobacteria;Gammaproteobacteria;Betaproteobacteriales;Burkholderiaceae;g__Pelistega	0	0	0	0	0	0	0	0	0	18
Bacteroidota;Bacteroidia;Bacteroidales;Rikenellaceae;g__Alistipes	21	0	0	0	7	0	47	0	0	25
Proteobacteria;Gammaproteobacteria;Betaproteobacteriales;Burkholderiaceae;g__Caldimonas	0	0	0	0	0	0	8	0	0	0
Firmicutes;Bacilli;Lactobacillales;Aerococcaceae;g__Dolosicoccus	0	0	0	0	1	0	0	64	0	17
Firmicutes_A;Clostridia;Saccharofermentanales;KA00274;g__KA00274	0	0	0	0	3980	2200	0	0	0	1
Firmicutes_C;Negativicutes;Veillonellales;Megasphaeraceae;g__Anaeroglobus	32	0	71	0	0	0	12	0	0	0
Firmicutes;Bacilli;Bacillales;Bacillaceae_G;g__Bacillus	0	12846	0	0	0	0	20	0	0	0
Bacteroidota;Bacteroidia;Bacteroidales;Bacteroidaceae;g__Bacteroides_B	42	0	0	0	4	0	51	0	0	32
Proteobacteria;Alphaproteobacteria;Rhizobiales;Beijerinckiaceae;g__Bosea	0	0	0	0	0	0	0	0	0	42
Firmicutes;Bacilli;Erysipelotrichales;Erysipelatoclostridiaceae;g__Erysipelatoclostridium	0	0	0	0	0	0	18	0	0	4
Firmicutes_A;Clostridia;Oscillospirales;Ruminococcaceae;g__Ruthenibacterium	0	0	0	1	0	0	0	0	0	0
Firmicutes_A;Clostridia;Lachnospirales;Lachnospiraceae;g__Blautia	1079	0	0	0	14	0	733	3	0	133
Actinobacteriota;Actinobacteria;Actinomycetales;Micrococcaceae;g__Micrococcus	0	0	0	0	8	0	0	0	0	0
Deinococcota;Deinococci;Deinococcales;Thermaceae;g__Thermus	0	0	0	0	0	0	10	0	0	14
Firmicutes_A;Clostridia;Oscillospirales;Ruminococcaceae;g__Bittarella	44	0	0	0	5	0	74	0	0	18
Proteobacteria;Alphaproteobacteria;Sphingomonadales;Sphingomonadaceae;g__Sphingomonas	0	0	0	0	1	0	17	0	0	64
Actinobacteriota;Actinobacteria;Actinomycetales;Dermabacteraceae;g__Dermabacter	0	0	0	0	0	0	21	43	0	56
Firmicutes;Bacilli;Bacillales;Marinococcaceae;g__Marinococcus	0	0	0	0	0	0	7	0	0	0
Actinobacteriota;Actinobacteria;Corynebacteriales;Corynebacteriaceae;g__Lawsonella	127	0	0	0	10	0	22	15	0	60
Firmicutes_C;Negativicutes;Veillonellales;Veillonellaceae;g__Veillonella	0	0	0	110	11	0	0	39	0	102
Firmicutes_C;Negativicutes;Selenomonadales;Selenomonadaceae;g__Mitsuokella	1	0	0	0	0	0	0	0	0	0
Proteobacteria;Gammaproteobacteria;Betaproteobacteriales;Burkholderiaceae;g__Dakarella	4	0	0	0	0	0	0	0	0	0
Firmicutes;Alicyclobacillia;Alicyclobacillales;Alicyclobacillaceae;g__Alicyclobacillus	0	0	0	0	0	0	7	0	0	0
Firmicutes_A;Clostridia;Christensenellales;CAG-138;g__PeH17	22	0	0	0	0	0	0	0	0	0
Bacteroidota;Bacteroidia;Bacteroidales;Coprobacteraceae;g__Coprobacter	0	0	0	0	0	0	7	0	0	15
Actinobacteriota;Actinobacteria;Actinomycetales;Bifidobacteriaceae;g__Alloscardovia	0	0	0	5	0	0	0	1	0	0
Firmicutes_A;Clostridia;Tissierellales;Ezakiellaceae;g__Ezakiella	3013	0	0	0	0	0	161	1171	0	10
Firmicutes_A;Clostridia;Peptostreptococcales;Peptostreptococcaceae;g__Terrisporobacter	235	0	13	1794	0	8	37	348	1	78
Proteobacteria;Gammaproteobacteria;Betaproteobacteriales;Burkholderiaceae;g__Massilia	0	0	0	0	0	0	3	0	0	11
Firmicutes_C;Negativicutes;Veillonellales;Megasphaeraceae;g__28L	0	0	0	0	1521	3928	0	0	0	0
Actinobacteriota;Actinobacteria;Actinomycetales;Actinomycetaceae;g__Arcanobacterium_A	102	0	0	0	0	0	0	0	0	0
Firmicutes_A;Clostridia;Tissierellales;Helcococcaceae;g__Levyella	4892	0	0	0	0	0	21	140	0	1
Proteobacteria;Gammaproteobacteria;Betaproteobacteriales;Burkholderiaceae;g__Delftia	0	0	0	0	4	0	17	0	0	6
Bacteroidota;Bacteroidia;Flavobacteriales;Weeksellaceae;g__Chryseobacterium_D	0	0	0	0	0	0	0	0	0	46
Firmicutes_A;Clostridia;Tissierellales;Helcococcaceae;g__Ndongobacter	0	0	0	0	0	0	6	0	0	0
Actinobacteriota;Actinobacteria;Actinomycetales;Micrococcaceae;g__Arthrobacter_D	0	0	0	0	0	0	0	0	0	99
Firmicutes;Bacilli;Staphylococcales;Salinicoccaceae;g__Jeotgalicoccus	0	0	0	0	0	0	0	0	0	12
Proteobacteria;Alphaproteobacteria;Rhizobiales;Xanthobacteraceae;g__Bradyrhizobium	0	0	0	0	0	0	9	0	0	0
Verrucomicrobiota;Verrucomicrobiae;Verrucomicrobiales;Akkermansiaceae;g__Akkermansia	0	0	0	0	3	0	15	0	0	15
Proteobacteria;Alphaproteobacteria;Rhizobiales;Xanthobacteraceae;g__Xanthobacter	0	0	0	0	0	0	11	0	0	0
Firmicutes_A;Clostridia;Peptostreptococcales;Anaerovoracaceae;g__UBA1191	7	0	0	0	0	0	0	0	0	0
Firmicutes_A;Clostridia;Saccharofermentanales;Mageeibacillaceae;g__Mageeibacillus	0	0	0	0	195	336	0	0	0	0
Actinobacteriota;Actinobacteria;Actinomycetales;Actinomycetaceae;g__Trueperella	0	0	0	0	0	0	0	191	0	31
Firmicutes_A;Clostridia;Lachnospirales;Lachnospiraceae;g__Ruminococcus	1100	0	0	0	3	0	293	12	0	132
Firmicutes;Bacilli;Mycoplasmatales;Ureaplasmataceae;g__Ureaplasma	0	0	0	42	86	0	40	1	14	0
Actinobacteriota;Coriobacteriia;Coriobacteriales;Atopobiaceae;g__Olsenella	82	0	0	0	0	0	0	0	0	0
Firmicutes_A;Clostridia;Lachnospirales;Lachnospiraceae;g__TF01-11	11	0	0	0	0	0	12	0	0	0
Firmicutes;Bacilli;Mycoplasmatales;Mycoplasmataceae_B;g__Mycoplasma_D	0	0	0	0	106	0	0	0	0	0
Bacteroidota;Bacteroidia;Flavobacteriales;Weeksellaceae;g__Vaginella	0	0	0	0	0	0	0	0	0	10
Actinobacteriota;Coriobacteriia;Coriobacteriales;Eggerthellaceae;g__Slackia	1	0	0	0	0	0	0	0	0	0
Firmicutes_A;Clostridia;Tissierellales;Helcococcaceae;Murdochiella;s__Murdochiella_massiliensis(RS_GCF_900059565.1)	10	0	0	0	0	0	8	9	0	0
Firmicutes_A;Clostridia;Lachnospirales;Lachnospiraceae;CAG-45;s__(GB_GCA_900066395.1)	0	0	0	0	0	0	9	0	0	0
Firmicutes_A;Clostridia;Oscillospirales;Ruminococcaceae;Ruminiclostridium_E;s__Ruminiclostridium_E_siraeum(RS_GCF_001404415.1)	32	0	0	0	0	0	11	0	0	14
Firmicutes_A;Clostridia;TANB77;CAG-508;CAG-354;s__(GB_GCA_000437455.1)	123	0	0	0	0	0	16	0	0	0
Firmicutes_A;Clostridia;CAG-41;UBA1381;CAG-41;s__CAG-41_sp1(GB_GCA_900066215.1)	24	0	0	0	0	0	12	0	0	0
Bacteroidota;Bacteroidia;Bacteroidales;Tannerellaceae;Parabacteroides;s__Parabacteroides_merdae(RS_GCF_000307345.1)	2	0	0	0	0	0	11	0	0	9
Firmicutes_A;Clostridia;Clostridiales;Clostridiaceae;Clostridium_P;s__Clostridium_P_ventriculi(RS_GCF_001485185.1)	32	0	0	0	0	0	23	0	0	55
Firmicutes_A;Clostridia;Lachnospirales;Lachnospiraceae;992a;s__(RS_GCF_001940245.1)	40	0	0	0	0	0	41	0	0	23
Firmicutes_A;Clostridia;Lachnospirales;Lachnospiraceae;CHKCI001;s__(RS_GCF_900045905.1)	116	0	0	0	2	0	31	0	0	49
Fusobacteriota;Fusobacteriia;Fusobacteriales;Leptotrichiaceae;Sneathia;s__Sneathia_sanguinegens(RS_GCF_001517935.1)	0	0	0	0	1936	3974	0	0	0	0
Firmicutes_A;Clostridia;Lachnospirales;Lachnospiraceae;Coprococcus;s__Coprococcus_eutactus(RS_GCF_000154425.1)	41	0	0	0	0	0	17	0	0	37
Firmicutes_A;Clostridia;Lachnospirales;Lachnospiraceae;Dorea;s__(GB_GCA_900066555.1)	20	0	0	0	0	0	0	0	0	0
Firmicutes_A;Clostridia;Lachnospirales;Lachnospiraceae;Ruminococcus_B;s__Ruminococcus_B_faecis(RS_GCF_001406755.1)	161	0	0	0	3	0	105	2	0	5
Bacteroidota;Bacteroidia;Bacteroidales;Porphyromonadaceae;Porphyromonas;s__Porphyromonas_uenonis(RS_GCF_000482365.1)	180	0	0	0	0	0	9	0	0	0
Firmicutes_A;Clostridia;Tissierellales;Peptoniphilaceae;Urinacoccus;s__(RS_GCF_000221565.1)	222	0	0	0	0	3	36	1158	0	41
Firmicutes;Bacilli_A;Paenibacillales;Paenibacillaceae;Paenibacillus_G;s__Paenibacillus_G_tyrfis(RS_GCF_900188505.1)	0	0	0	0	0	0	0	0	0	5
Firmicutes;Bacilli;Lactobacillales;Lactobacillaceae;Lactobacillus;s__Lactobacillus_iners(RS_GCF_000177755.1)	10574	21	73191	41468	3040	3303	1535	5229	1598	8658
Firmicutes_A;Clostridia;Lachnospirales;Lachnospiraceae;Fusicatenibacter;s__Fusicatenibacter_saccharivorans(RS_GCF_001405555.1)	469	0	0	0	1	0	133	0	0	41
Firmicutes_A;Clostridia;Tissierellales;Peptoniphilaceae;Peptoniphilus_A;s__(RS_GCF_001553125.1)	6118	0	64	1275	118	16	109	2292	3	228
Firmicutes_A;Clostridia;Tissierellales;Helcococcaceae;Anaerococcus;s__(RS_GCF_001811125.1)	289	0	0	0	155	6	0	56	0	0
Proteobacteria;Gammaproteobacteria;Betaproteobacteriales;Burkholderiaceae;Parasutterella;s__(GB_GCA_000980495.1)	0	0	0	0	0	0	0	0	0	7
Firmicutes_A;Clostridia;Tissierellales;Peptoniphilaceae;Neofamilia;s__Neofamilia_massiliensis(RS_GCF_001299475.1)	0	0	0	0	0	0	48	2295	0	0
Actinobacteriota;Coriobacteriia;Coriobacteriales;Coriobacteriaceae;Collinsella;s__Collinsella_aerofaciens_A(RS_GCF_002736145.1)	152	0	0	0	0	0	198	0	0	20
Firmicutes_A;Clostridia;Tissierellales;Peptoniphilaceae;Peptoniphilus_C;s__Peptoniphilus_C_coxii(RS_GCF_001553115.1)	528	0	0	0	33	0	0	1240	0	24
Firmicutes_A;Clostridia;Tissierellales;Peptoniphilaceae;Peptoniphilus_C;s__Peptoniphilus_C_urinimassiliensis(RS_GCF_900155585.1)	4968	0	0	0	10	1	67	505	0	0
Firmicutes_A;Clostridia;Oscillospirales;Ruminococcaceae;Ruminococcus_C;s__Ruminococcus_C_callidus(RS_GCF_000468015.1)	78	0	0	0	0	0	0	0	0	0
Bacteroidota;Bacteroidia;Bacteroidales;Bacteroidaceae;Prevotellamassilia;s__Prevotellamassilia_timonensis(RS_GCF_900106785.1)	0	0	0	0	0	0	16	0	0	0
Actinobacteriota;Coriobacteriia;Coriobacteriales;Atopobiaceae;UBA1382;s__(RS_GCF_002159625.1)	12	0	0	0	0	0	0	0	0	0
Firmicutes_A;Clostridia;Tissierellales;Helcococcaceae;Lagierella;s__Lagierella_massiliensis(RS_GCF_001407835.1)	121	0	0	0	0	0	111	12	0	0
Bacteroidota;Bacteroidia;Bacteroidales;Bacteroidaceae;Prevotella;s__Prevotella_bergensis(RS_GCF_000160535.1)	26	0	0	0	0	0	0	0	0	0
Firmicutes_A;Clostridia;Tissierellales;Helcococcaceae;Anaerococcus;s__Anaerococcus_mediterraneensis(RS_GCF_900128415.1)	1155	0	0	3	5	6	94	3771	0	268
Campylobacterota;Campylobacteria;Campylobacterales;Campylobacteraceae;Campylobacter_B;s__Campylobacter_B_gracilis(RS_GCF_000175875.1)	0	0	0	0	0	0	0	0	0	25
Firmicutes_A;Clostridia;Lachnospirales;Lachnospiraceae;Eubacterium_E;s__Eubacterium_E_hallii(RS_GCF_000173975.1)	51	0	0	0	0	0	54	0	0	0
Firmicutes;Bacilli;Erysipelotrichales;Erysipelotrichaceae;Allobaculum;s__Allobaculum_stercoricanis(RS_GCF_000384195.1)	0	0	0	0	0	0	14	0	0	0
Firmicutes_A;Clostridia;Tissierellales;Helcococcaceae;Anaerococcus;s__Anaerococcus_rubeinfantis(RS_GCF_001487145.1)	47	0	0	0	5	0	0	26	0	0
Synergistota;Synergistia;Synergistales;Dethiosulfovibrionaceae;Pyramidobacter;s__(RS_GCF_002007215.1)	0	0	0	0	0	0	7	0	0	0
Firmicutes_A;Clostridia;Oscillospirales;DTU089;Eubacterium_R;s__Eubacterium_R_sp2(GB_GCA_000980395.1)	22	0	0	0	0	0	13	0	0	0
Bacteroidota;Bacteroidia;Bacteroidales;Bacteroidaceae;Prevotella;s__Prevotella_copri_A(RS_GCF_002224675.1)	559	0	0	0	3	0	202	3	0	54
Firmicutes_A;Clostridia;Clostridiales;Clostridiaceae;Clostridium;s__(RS_GCF_000753455.2)	192	0	0	0	1	0	180	11	0	15
Firmicutes_A;Clostridia;Tissierellales;Helcococcaceae;Anaerococcus;s__(RS_GCF_001182725.1)	2638	0	0	78	0	0	34	39	0	5
Firmicutes_C;Negativicutes;Veillonellales;Megasphaeraceae;Megasphaera;s__(RS_GCF_001546855.1)	13	0	0	0	0	0	0	0	0	0
Firmicutes_A;Clostridia;Tissierellales;Helcococcaceae;Parvimonas;s__Parvimonas_micra(RS_GCF_000154405.1)	0	0	0	0	485	627	0	0	0	0
Firmicutes_A;Clostridia;Lachnospirales;Lachnospiraceae;GCA-900066135;s__(GB_GCA_900066135.1)	53	0	0	0	0	0	2	0	0	0
Firmicutes_A;Clostridia;Lachnospirales;Lachnospiraceae;Roseburia;s__(RS_GCF_001940165.1)	154	0	0	0	10	0	87	0	0	14
Proteobacteria;Gammaproteobacteria;Enterobacterales;Succinivibrionaceae;Succinivibrio;s__Succinivibrio_dextrinosolvens_B(RS_GCF_900116345.1)	0	0	0	0	0	0	33	0	0	17
Proteobacteria;Alphaproteobacteria;Rhizobiales;Rhizobiaceae;Aquamicrobium;s__Aquamicrobium_sp1(RS_GCF_001705425.1)	0	0	0	1	7	0	10	0	0	0
Bacteroidota;Bacteroidia;Bacteroidales;Bacteroidaceae;Prevotella;s__Prevotella_timonensis(RS_GCF_000762405.1)	744	0	0	0	0	2232	10	0	0	11
Firmicutes_A;Clostridia;Tissierellales;Peptoniphilaceae;Peptoniphilus;s__Peptoniphilus_obesi(RS_GCF_000311865.1)	274	0	0	0	0	1	60	159	0	0
Firmicutes_A;Clostridia;Peptostreptococcales;Anaerovoracaceae;Mogibacterium;s__(GB_GCA_001513255.1)	0	0	0	0	0	0	17	0	0	0
Actinobacteriota;Actinobacteria;Actinomycetales;Bifidobacteriaceae;Bifidobacterium;s__Bifidobacterium_vaginalis_A(RS_GCF_001563665.1)	0	0	0	0	1184	3270	8	0	0	0
Bacteroidota;Bacteroidia;Bacteroidales;Porphyromonadaceae;Porphyromonas;s__(RS_GCF_001808555.1)	501	0	0	0	0	0	37	251	0	0
Actinobacteriota;Coriobacteriia;Coriobacteriales;Eggerthellaceae;DNF00809;s__(RS_GCF_001552935.1)	0	0	0	0	358	219	0	0	0	0
Firmicutes_A;Clostridia;Lachnospirales;Lachnospiraceae;CAG-81;s__(GB_GCA_900066055.1)	24	0	0	0	0	0	3	0	0	0
Firmicutes_A;Clostridia;Eubacteriales;Eubacteriaceae;Eubacterium_O;s__Eubacterium_O_barkeri(RS_GCF_900107125.1)	0	0	0	0	0	0	690	0	0	0
Firmicutes;Bacilli;Lactobacillales;Lactobacillaceae;Lactobacillus;s__Lactobacillus_johnsonii(RS_GCF_000091405.1)	301	0	2239	48	0	0	5	5	0	0
Actinobacteriota;Actinobacteria;Corynebacteriales;Geodermatophilaceae;Blastococcus;s__(RS_GCF_900102115.1)	0	112	0	0	0	0	0	0	0	0
Actinobacteriota;Actinobacteria;Corynebacteriales;Corynebacteriaceae;Corynebacterium;s__Corynebacterium_riegelii(RS_GCF_001263755.1)	0	0	0	0	0	0	0	0	0	172
Campylobacterota;Campylobacteria;Campylobacterales;Campylobacteraceae;Campylobacter_B;s__Campylobacter_B_ureolyticus(RS_GCF_000374605.1)	0	0	0	0	0	0	115	0	0	0
Firmicutes_A;Clostridia;Peptostreptococcales;Peptostreptococcaceae;Romboutsia;s__Romboutsia_timonensis(RS_GCF_900106845.1)	51	0	0	0	0	0	128	4	0	20
Cyanobacteriota;Vampirovibrionia;Gastranaerophilales;Gastranaerophilaceae;UBA2883;s__UBA2883_sp1(GB_GCA_002481545.1)	39	0	0	0	0	0	0	0	0	0
Firmicutes;Bacilli;Erysipelotrichales;Erysipelatoclostridiaceae;Catenibacterium;s__Catenibacterium_mitsuokai(RS_GCF_000173795.1)	402	0	0	0	0	0	0	3	0	27
Firmicutes_A;Clostridia;Lachnospirales;Lachnospiraceae;Blautia_A;s__(RS_GCF_000285855.1)	265	0	0	0	14	0	411	2	0	82
Firmicutes_A;Clostridia;Lachnospirales;Lachnospiraceae;Eubacterium_E;s__Eubacterium_E_hallii_A(RS_GCF_900209925.1)	17	0	0	0	0	0	22	0	0	20
Firmicutes_A;Clostridia;Oscillospirales;Ruminococcaceae;Faecalibacterium;s__Faecalibacterium_prausnitzii(RS_GCF_001406355.1)	60	0	0	0	0	0	28	0	0	0
Synergistota;Synergistia;Synergistales;Dethiosulfovibrionaceae;Jonquetella;s__Jonquetella_anthropi(RS_GCF_000468895.1)	16	0	0	0	0	0	93	0	0	0
Firmicutes_A;Clostridia;Tissierellales;Ezakiellaceae;Fenollaria;s__Fenollaria_massiliensis(RS_GCF_000312505.2)	3398	0	0	1	0	7	114	88	0	17
Firmicutes;Bacilli;Lactobacillales;Aerococcaceae;Facklamia;s__Facklamia_hominis(RS_GCF_000301035.1)	56	0	0	0	17	0	90	3037	0	33
Proteobacteria;Gammaproteobacteria;Pseudomonadales;Moraxellaceae;Enhydrobacter;s__Enhydrobacter_aerosaccus(RS_GCF_001679275.1)	0	0	0	0	9	0	0	6	1	7
Actinobacteriota;Actinobacteria;Actinomycetales;Micrococcaceae;Pseudoglutamicibacter;s__Pseudoglutamicibacter_albus(RS_GCF_002847605.1)	1	0	0	0	0	0	5	0	0	716
Bacteroidota;Bacteroidia;Bacteroidales;Bacteroidaceae;Bacteroides;s__Bacteroides_ovatus(RS_GCF_001314995.1)	0	0	0	0	0	0	0	0	0	5
Actinobacteriota;Coriobacteriia;Coriobacteriales;Eggerthellaceae;Senegalimassilia;s__Senegalimassilia_anaerobia(RS_GCF_000236865.1)	38	0	0	0	0	0	56	0	0	0
Firmicutes_A;Clostridia;Tissierellales;Helcococcaceae;Anaerococcus;s__Anaerococcus_octavius(RS_GCF_002847745.1)	17	0	0	0	14	0	637	951	0	419
Firmicutes_A;Clostridia;Lachnospirales;Lachnospiraceae;Lachnospira;s__Lachnospira_rogosae(RS_GCF_001405835.1)	21	0	0	0	0	0	7	0	0	12
Firmicutes_A;Clostridia;Tissierellales;Helcococcaceae;Anaerococcus;s__Anaerococcus_hydrogenalis(RS_GCF_000173355.1)	229	0	0	0	28	0	0	4	0	5
Firmicutes_A;Clostridia;Lachnospirales;Lachnospiraceae;CAG-65;s__CAG-65_sp3(GB_GCA_900066565.1)	78	0	0	0	6	0	44	0	0	18
Firmicutes_A;Clostridia;Oscillospirales;Butyricicoccaceae;Agathobaculum;s__Agathobaculum_sp1(GB_GCA_900066795.1)	73	0	0	0	0	0	9	0	0	9
Firmicutes_A;Clostridia;Tissierellales;Peptoniphilaceae;Peptoniphilus_A;s__(RS_GCF_900099555.1)	2670	0	0	0	16	2	166	28	0	168
Firmicutes_A;Clostridia;Lachnospirales;Lachnospiraceae;Blautia_A;s__(GB_GCA_900066165.1)	393	0	0	0	0	0	93	0	0	8
Bacteroidota;Bacteroidia;Bacteroidales;Bacteroidaceae;Prevotella;s__(RS_GCF_000479005.1)	0	0	0	0	0	410	3	0	0	9
Firmicutes_A;Clostridia;Tissierellales;Peptoniphilaceae;Peptoniphilus_B;s__(RS_GCF_000478985.1)	188	0	0	0	0	1	60	1	0	15
Firmicutes_A;Clostridia;Peptostreptococcales;Anaerovoracaceae;Mogibacterium;s__Mogibacterium_timidum(RS_GCF_000525775.1)	777	0	0	0	0	0	10	1	0	0
Firmicutes_A;Clostridia;Oscillospirales;Butyricicoccaceae;Intestinibacillus;s__Intestinibacillus_massiliensis(RS_GCF_900155735.1)	12	0	0	0	0	0	9	0	0	0
Firmicutes;Bacilli;Haloplasmatales;Turicibacteraceae;Turicibacter;s__Turicibacter_sanguinis(RS_GCF_001404715.1)	18	0	0	0	0	0	0	0	0	6
Firmicutes;Bacilli;Erysipelotrichales;Erysipelotrichaceae;Faecalibaculum;s__Faecalibaculum_rodentium(RS_GCF_001945535.1)	0	0	0	0	0	0	12	0	0	0
Firmicutes_A;Clostridia;Tissierellales;Peptoniphilaceae;Peptoniphilus_A;s__(RS_GCF_001815405.1)	3686	0	4	0	133	6	581	3323	0	511
Bacteroidota;Bacteroidia;Bacteroidales;Bacteroidaceae;Prevotella;s__(RS_GCF_002265625.1)	0	0	0	0	0	0	8	0	0	0
Proteobacteria;Alphaproteobacteria;RF32;CAG-239;CAG-495;s__(GB_GCA_001917125.1)	3	0	0	0	0	0	0	0	0	0
Bacteroidota;Bacteroidia;Bacteroidales;Bacteroidaceae;Bacteroides;s__(RS_GCF_002632415.1)	0	0	0	0	0	0	17	0	0	0
Firmicutes_A;Clostridia;Tissierellales;Helcococcaceae;W5053;s__(RS_GCF_000467935.1)	177	0	0	0	0	0	0	4	0	0
Firmicutes_A;Clostridia;Lachnospirales;Lachnospiraceae;CAG-24;s__CAG-24_sp1(GB_GCA_900066775.1)	48	0	0	0	0	0	21	0	0	9
Proteobacteria;Gammaproteobacteria;Betaproteobacteriales;Burkholderiaceae;Paucibacter;s__(RS_GCF_001477625.1)	0	0	0	0	0	0	14	0	0	0
Firmicutes;Bacilli;Lactobacillales;Lactobacillaceae;Lactobacillus;s__Lactobacillus_jensenii(RS_GCF_001936235.1)	0	0	0	4954	0	0	27	469	0	83
Firmicutes_A;Clostridia;Oscillospirales;Oscillospiraceae;CAG-110;s__(GB_GCA_002393625.1)	15	0	0	0	0	0	11	0	0	0
Firmicutes_A;Clostridia;Oscillospirales;Ruminococcaceae;Ruminococcus_D;s__Ruminococcus_D_bicirculans(GB_GCA_900066405.1)	13	0	0	0	0	0	10	0	0	5
Firmicutes_A;Clostridia;Oscillospirales;DTU089;Ruminococcus_E;s__(RS_GCF_900100595.1)	0	0	0	0	0	0	49	0	0	37
Firmicutes_A;Clostridia;Oscillospirales;Ruminococcaceae;Subdoligranulum;s__Subdoligranulum_variabile(RS_GCF_000157955.1)	89	0	0	0	0	0	139	7	0	31
Bacteroidota;Bacteroidia;Bacteroidales;Marinifilaceae;Odoribacter;s__Odoribacter_splanchnicus(RS_GCF_002159415.1)	3	0	0	0	0	0	0	0	0	0
Actinobacteriota;Actinobacteria;Actinomycetales;Actinomycetaceae;Actinomyces_C;s__Actinomyces_C_urinae(RS_GCF_900119695.1)	42	0	0	0	0	0	14	17	0	0
Actinobacteriota;Actinobacteria;Corynebacteriales;Corynebacteriaceae;Corynebacterium;s__Corynebacterium_urinapleomorphum(RS_GCF_900155535.1)	0	0	0	0	0	0	0	488	0	0
Firmicutes_A;Clostridia;Tissierellales;Helcococcaceae;Anaerococcus;s__(RS_GCF_900232825.1)	1284	0	0	0	0	2	50	39	0	0
Proteobacteria;Alphaproteobacteria;Rhodobacterales;Rhodobacteraceae;Paracoccus;s__(RS_GCF_000967825.1)	0	0	0	0	0	0	10	0	0	0
Firmicutes_A;Clostridia;Lachnospirales;Lachnospiraceae;CAG-56;s__(GB_GCA_900066065.1)	40	0	0	0	0	0	0	0	0	3
Firmicutes_A;Clostridia;Peptostreptococcales;Peptostreptococcaceae;Intestinibacter;s__Intestinibacter_bartlettii(RS_GCF_000154445.1)	161	0	0	0	0	0	20	0	0	0
Firmicutes_A;Clostridia;Lachnospirales;Lachnospiraceae;Coprococcus;s__Coprococcus_sp1(GB_GCA_900066115.1)	0	0	0	0	0	0	0	0	0	5
Firmicutes_A;Clostridia;Tissierellales;Helcococcaceae;Anaerococcus;s__Anaerococcus_tetradius(RS_GCF_001546165.1)	643	0	0	2514	141	257	10	1309	2	29
Firmicutes_A;Clostridia;Tissierellales;Helcococcaceae;Anaerococcus;s__Anaerococcus_prevotii(RS_GCF_000024105.1)	21	0	0	0	20	0	15	213	0	0
Cyanobacteriota;Vampirovibrionia;Gastranaerophilales;Gastranaerophilaceae;Zag1;s__Zag1_sp3(GB_GCA_001765415.1)	0	0	0	0	0	0	0	0	0	8
Actinobacteriota;Actinobacteria;Actinomycetales;Brevibacteriaceae;Brevibacterium;s__Brevibacterium_ravenspurgense(RS_GCF_001584355.1)	0	0	0	0	0	0	69	0	0	589
Actinobacteriota;Coriobacteriia;Coriobacteriales;Atopobiaceae;Olegusella;s__Olegusella_massiliensis(RS_GCF_900078545.1)	35	0	0	0	0	0	21	0	0	0
Actinobacteriota;Actinobacteria;Actinomycetales;Bifidobacteriaceae;Bifidobacterium;s__Bifidobacterium_moukalabense(RS_GCF_000522505.1)	0	0	0	54	0	0	1	15	0	0
Actinobacteriota;Actinobacteria;Corynebacteriales;Corynebacteriaceae;Corynebacterium;s__Corynebacterium_glaucum(RS_GCF_002287505.1)	0	0	0	0	6	0	547	340	0	311
Firmicutes_C;Negativicutes;Veillonellales;Veillonellaceae;Veillonella_A;s__Veillonella_A_seminalis(RS_GCF_000315505.1)	0	0	0	0	11	0	0	26	0	102
Actinobacteriota;Actinobacteria;Actinomycetales;Bifidobacteriaceae;Bifidobacterium;s__Bifidobacterium_vaginale_C(RS_GCF_000263595.1)	2371	0	7930	0	10927	16056	22	0	0	23
Firmicutes;Bacilli;Lactobacillales;Aerococcaceae;Facklamia_A;s__Facklamia_A_ignava(RS_GCF_000301055.1)	1	0	0	0	0	0	94	0	0	32
Firmicutes;Bacilli;Staphylococcales;Gemellaceae;Gemella_A;s__Gemella_A_asaccharolytica(RS_GCF_001553005.1)	0	0	0	2	251	0	0	0	0	6
Actinobacteriota;Coriobacteriia;Coriobacteriales;Atopobiaceae;Olegusella;s__(RS_GCF_000466405.1)	0	0	0	0	7902	11227	0	0	0	7
Firmicutes_A;Clostridia;Oscillospirales;DTU089;DTU053;s__(GB_GCA_001512765.1)	6	0	0	0	0	1	17	0	0	7
Actinobacteriota;Actinobacteria;Actinomycetales;Actinomycetaceae;Mobiluncus;s__Mobiluncus_curtisii(RS_GCF_000185445.1)	127	0	0	0	77	0	251	0	0	0
Firmicutes_A;Clostridia;Lachnospirales;Lachnospiraceae;Blautia_A;s__(GB_GCA_900066145.1)	10	0	0	0	0	0	0	0	0	0
Proteobacteria;Gammaproteobacteria;Betaproteobacteriales;Burkholderiaceae;Pelistega;s__Pelistega_indica(RS_GCF_900099475.1)	0	0	0	0	0	0	0	0	0	18
Firmicutes_A;Clostridia;Lachnospirales;Lachnospiraceae;Dorea;s__Dorea_formicigenerans(RS_GCF_000169235.1)	22	0	0	0	0	0	55	0	0	0
Firmicutes_A;Clostridia;Oscillospirales;DTU089;Ruminococcus_E;s__Ruminococcus_E_bromii(GB_GCA_900067015.1)	242	0	0	0	0	0	97	10	0	82
Bacteroidota;Bacteroidia;Bacteroidales;Rikenellaceae;Alistipes;s__Alistipes_putredinis(RS_GCF_000154465.1)	17	0	0	0	0	0	5	0	0	0
Proteobacteria;Gammaproteobacteria;Xanthomonadales;Xanthomonadaceae;Luteimonas;s__Luteimonas_abyssi(RS_GCF_001482195.1)	0	0	0	0	0	0	0	0	0	6
Firmicutes;Bacilli;Lactobacillales;Aerococcaceae;Dolosicoccus;s__Dolosicoccus_paucivorans(RS_GCF_900100125.1)	0	0	0	0	1	0	0	64	0	17
Firmicutes_A;Clostridia;Saccharofermentanales;KA00274;KA00274;s__(RS_GCF_001552885.1)	0	0	0	0	3980	2200	0	0	0	1
Firmicutes_C;Negativicutes;Veillonellales;Megasphaeraceae;Anaeroglobus;s__Anaeroglobus_geminatus(RS_GCF_000239275.1)	0	0	0	0	0	0	12	0	0	0
Fusobacteriota;Fusobacteriia;Fusobacteriales;Leptotrichiaceae;Sneathia;s__Sneathia_amnii(RS_GCF_000973085.1)	0	0	0	0	2122	185	0	0	0	0
Bacteroidota;Bacteroidia;Bacteroidales;Bacteroidaceae;Bacteroides;s__Bacteroides_finegoldii(RS_GCF_000156195.1)	0	0	0	0	4	0	11	0	0	0
Firmicutes_A;Clostridia;Tissierellales;Helcococcaceae;Anaerococcus;s__Anaerococcus_provencensis(RS_GCF_000312365.2)	23	0	0	0	14	0	684	1276	0	79
Bacteroidota;Bacteroidia;Bacteroidales;Bacteroidaceae;Bacteroides_B;s__Bacteroides_B_dorei(RS_GCF_001640865.1)	42	0	0	0	0	0	13	0	0	0
Bacteroidota;Bacteroidia;Bacteroidales;Bacteroidaceae;Prevotella;s__Prevotella_buccalis_A(RS_GCF_000177075.1)	297	0	0	0	0	0	13	226	0	11
Bacteroidota;Bacteroidia;Bacteroidales;Porphyromonadaceae;Porphyromonas;s__Porphyromonas_somerae(RS_GCF_001815465.1)	151	0	0	0	0	0	0	7	0	0
Firmicutes_A;Clostridia;Oscillospirales;Ruminococcaceae;Ruthenibacterium;s__Ruthenibacterium_lactatiformans(RS_GCF_000949455.1)	0	0	0	1	0	0	0	0	0	0
Actinobacteriota;Actinobacteria;Actinomycetales;Bifidobacteriaceae;Bifidobacterium;s__Bifidobacterium_adolescentis_A(RS_GCF_000737885.1)	45	0	0	0	0	0	232	0	0	20
Firmicutes_A;Clostridia;Lachnospirales;Lachnospiraceae;Blautia;s__(RS_GCF_900120295.1)	0	0	0	0	0	0	25	0	0	0
Actinobacteriota;Actinobacteria;Corynebacteriales;Corynebacteriaceae;Corynebacterium;s__(RS_GCF_001767255.1)	128	0	0	0	5	0	0	1149	2	0
Proteobacteria;Gammaproteobacteria;Betaproteobacteriales;Burkholderiaceae;Sutterella;s__Sutterella_sp3(RS_GCF_001578585.1)	0	0	0	0	0	0	0	0	0	3
Bacteroidota;Bacteroidia;Bacteroidales;Bacteroidaceae;Bacteroides;s__Bacteroides_eggerthii(RS_GCF_000273465.1)	6	0	0	0	0	0	7	0	0	4
Firmicutes_A;Clostridia;Oscillospirales;Ruminococcaceae;Bittarella;s__(GB_GCA_900066655.1)	44	0	0	0	5	0	74	0	0	18
Firmicutes_A;Clostridia;Lachnospirales;Lachnospiraceae;Roseburia;s__Roseburia_intestinalis(GB_GCA_000210655.1)	41	0	0	0	0	0	27	0	0	11
Proteobacteria;Alphaproteobacteria;Sphingomonadales;Sphingomonadaceae;Sphingomonas;s__Sphingomonas_adhaesiva(RS_GCF_002374855.1)	0	0	0	0	0	0	0	0	0	39
Actinobacteriota;Actinobacteria;Corynebacteriales;Corynebacteriaceae;Corynebacterium;s__Corynebacterium_atypicum(RS_GCF_000732945.1)	0	0	0	0	0	0	261	553	0	76
Actinobacteriota;Actinobacteria;Actinomycetales;Dermabacteraceae;Dermabacter;s__Dermabacter_hominis(RS_GCF_001570785.1)	0	0	0	0	0	0	0	43	0	4
Bacteroidota;Bacteroidia;Bacteroidales;Bacteroidaceae;Bacteroides;s__Bacteroides_rodentium(GB_GCA_000614125.1)	9	0	0	0	0	0	0	0	0	5
Actinobacteriota;Actinobacteria;Corynebacteriales;Corynebacteriaceae;Lawsonella;s__Lawsonella_clevelandensis(RS_GCF_001293125.1)	127	0	0	0	10	0	22	15	0	60
Firmicutes_C;Negativicutes;Veillonellales;Megasphaeraceae;Anaeroglobus;s__(RS_GCF_000478965.1)	32	0	71	0	0	0	0	0	0	0
Actinobacteriota;Coriobacteriia;Coriobacteriales;Atopobiaceae;Atopobium_B;s__Atopobium_B_rimae(RS_GCF_000174015.1)	0	0	0	530	0	0	0	43	0	0
Firmicutes_A;Clostridia;Tissierellales;Helcococcaceae;Anaerococcus;s__(RS_GCF_900128425.1)	4	0	0	0	0	0	98	665	0	0
Campylobacterota;Campylobacteria;Campylobacterales;Campylobacteraceae;Campylobacter_B;s__Campylobacter_B_ureolyticus(RS_GCF_001190755.1)	124	0	0	0	0	0	87	2	0	2
Actinobacteriota;Actinobacteria;Actinomycetales;Dermabacteraceae;Dermabacter;s__Dermabacter_hominis(RS_GCF_001807345.1)	0	0	0	0	0	0	21	0	0	52
Firmicutes_C;Negativicutes;Selenomonadales;Selenomonadaceae;Mitsuokella;s__Mitsuokella_jalaludinii(RS_GCF_001404615.1)	1	0	0	0	0	0	0	0	0	0
Proteobacteria;Gammaproteobacteria;Betaproteobacteriales;Burkholderiaceae;Dakarella;s__Dakarella_massiliensis(RS_GCF_001182045.1)	4	0	0	0	0	0	0	0	0	0
Firmicutes_A;Clostridia;Christensenellales;CAG-138;PeH17;s__PeH17_sp1(GB_GCA_000435055.1)	22	0	0	0	0	0	0	0	0	0
Firmicutes_A;Clostridia;Lachnospirales;Lachnospiraceae;Ruminococcus_B;s__Ruminococcus_B_lactaris(RS_GCF_000507785.1)	16	0	0	0	0	0	5	0	0	0
Bacteroidota;Bacteroidia;Bacteroidales;Bacteroidaceae;Bacteroides_B;s__Bacteroides_B_massiliensis(RS_GCF_000382445.1)	0	0	0	0	4	0	38	0	0	32
Actinobacteriota;Actinobacteria;Corynebacteriales;Corynebacteriaceae;Corynebacterium;s__Corynebacterium_glucuronolyticum(RS_GCF_000159595.1)	0	0	0	0	0	0	0	424	0	0
Actinobacteriota;Actinobacteria;Actinomycetales;Bifidobacteriaceae;Alloscardovia;s__Alloscardovia_macacae_A(RS_GCF_002259705.1)	0	0	0	5	0	0	0	1	0	0
Firmicutes_A;Clostridia;Tissierellales;Ezakiellaceae;Ezakiella;s__(RS_GCF_000758845.1)	2989	0	0	0	0	0	161	1130	0	10
Firmicutes_A;Clostridia;Peptostreptococcales;Peptostreptococcaceae;Terrisporobacter;s__Terrisporobacter_glycolicus(RS_GCF_000373865.1)	45	0	13	1794	0	8	0	348	1	52
Proteobacteria;Gammaproteobacteria;Betaproteobacteriales;Burkholderiaceae;Massilia;s__Massilia_sp3(RS_GCF_001426525.1)	0	0	0	0	0	0	3	0	0	11
Firmicutes_C;Negativicutes;Veillonellales;Megasphaeraceae;28L;s__28L_sp1(RS_GCF_000177555.1)	0	0	0	0	1521	3928	0	0	0	0
Actinobacteriota;Actinobacteria;Actinomycetales;Actinomycetaceae;Arcanobacterium_A;s__Arcanobacterium_A_urinimassiliense(RS_GCF_900119495.1)	102	0	0	0	0	0	0	0	0	0
Firmicutes_A;Clostridia;Tissierellales;Helcococcaceae;Levyella;s__Levyella_massiliensis(RS_GCF_000308275.2)	4892	0	0	0	0	0	21	140	0	1
Firmicutes_A;Clostridia;Oscillospirales;Oscillospiraceae;Oscillibacter;s__Oscillibacter_sp6(GB_GCA_900066625.1)	1	0	0	0	0	0	0	0	0	0
Actinobacteriota;Actinobacteria;Corynebacteriales;Corynebacteriaceae;Corynebacterium;s__Corynebacterium_kroppenstedtii_A(RS_GCF_001552955.1)	0	0	0	0	0	0	0	0	0	187
Bacteroidota;Bacteroidia;Bacteroidales;Bacteroidaceae;Prevotella;s__(RS_GCF_000758925.1)	0	0	0	0	174	518	0	0	0	0
Bacteroidota;Bacteroidia;Bacteroidales;Porphyromonadaceae;Porphyromonas;s__Porphyromonas_asaccharolytica(RS_GCF_000212375.1)	444	0	0	0	0	0	31	0	0	0
Bacteroidota;Bacteroidia;Flavobacteriales;Weeksellaceae;Chryseobacterium_D;s__Chryseobacterium_D_taklimakanense(RS_GCF_900187185.1)	0	0	0	0	0	0	0	0	0	46
Firmicutes;Bacilli;Lactobacillales;Lactobacillaceae;Lactobacillus_H;s__Lactobacillus_H_fermentum(RS_GCF_001742205.1)	0	5548	0	0	0	0	0	0	0	0
Bacteroidota;Bacteroidia;Bacteroidales;Bacteroidaceae;Prevotella;s__Prevotella_pleuritidis(RS_GCF_000613725.1)	0	0	0	0	0	0	0	0	0	3
Firmicutes_A;Clostridia;Lachnospirales;Lachnospiraceae;Blautia_A;s__(GB_GCA_900066505.1)	15	0	0	0	0	0	5	1	0	0
Firmicutes_A;Clostridia;Lachnospirales;Lachnospiraceae;Lachnospira;s__Lachnospira_eligens_A(RS_GCF_000146185.1)	227	0	0	1	0	0	3	0	0	0
Firmicutes_A;Clostridia;Tissierellales;Helcococcaceae;Ndongobacter;s__Ndongobacter_massiliensis(RS_GCF_900120375.1)	0	0	0	0	0	0	6	0	0	0
Firmicutes;Bacilli;Staphylococcales;Salinicoccaceae;Jeotgalicoccus;s__Jeotgalicoccus_marinus(RS_GCF_000425825.1)	0	0	0	0	0	0	0	0	0	12
Firmicutes_A;Clostridia;Tissierellales;Ezakiellaceae;Ezakiella;s__Ezakiella_massiliensis(RS_GCF_900120165.1)	24	0	0	0	0	0	0	41	0	0
Actinobacteriota;Actinobacteria;Actinomycetales;Actinomycetaceae;Actinomyces_B;s__Actinomyces_B_turicensis_A(RS_GCF_002847545.1)	20	0	0	0	0	0	0	3	0	0
Proteobacteria;Alphaproteobacteria;Rhizobiales;Xanthobacteraceae;Xanthobacter;s__Xanthobacter_sp1(RS_GCF_000702385.1)	0	0	0	0	0	0	11	0	0	0
Firmicutes_A;Clostridia;Peptostreptococcales;Anaerovoracaceae;UBA1191;s__(GB_GCA_900066305.1)	7	0	0	0	0	0	0	0	0	0
Firmicutes_A;Clostridia;Saccharofermentanales;Mageeibacillaceae;Mageeibacillus;s__Mageeibacillus_indolicus(RS_GCF_000025225.2)	0	0	0	0	195	336	0	0	0	0
Firmicutes;Bacilli;Lactobacillales;Aerococcaceae;Aerococcus;s__Aerococcus_christensenii(RS_GCF_001543105.1)	0	0	0	0	1084	110	12	0	0	0
Synergistota;Synergistia;Synergistales;Dethiosulfovibrionaceae;Jonquetella;s__Jonquetella_anthropi(RS_GCF_000237805.1)	0	0	0	0	0	0	289	0	0	0
Actinobacteriota;Coriobacteriia;Coriobacteriales;Atopobiaceae;Olsenella;s__Olsenella_urininfantis(RS_GCF_900155635.1)	82	0	0	0	0	0	0	0	0	0
Firmicutes_A;Clostridia;Lachnospirales;Lachnospiraceae;TF01-11;s__(RS_GCF_001414325.1)	11	0	0	0	0	0	12	0	0	0
Firmicutes;Bacilli;Lactobacillales;Aerococcaceae;Aerococcus;s__Aerococcus_urinaehominis(RS_GCF_001543245.1)	0	0	0	0	0	0	21	0	0	58
Firmicutes;Bacilli;Mycoplasmatales;Mycoplasmataceae_B;Mycoplasma_D;s__Mycoplasma_D_hominis(RS_GCF_000935875.1)	0	0	0	0	106	0	0	0	0	0
Bacteroidota;Bacteroidia;Flavobacteriales;Weeksellaceae;Vaginella;s__Vaginella_massiliensis(RS_GCF_900089075.1)	0	0	0	0	0	0	0	0	0	10
Actinobacteriota;Coriobacteriia;Coriobacteriales;Eggerthellaceae;Slackia;s__Slackia_exigua(RS_GCF_000293015.1)	1	0	0	0	0	0	0	0	0	0
