e50d0c183689e4053ccb35f8b29d98c8	e50d0c183689e4053ccb35f8b29da3f1	76612bd9a41885add4f6b0b7683fc62a	858ed4564f11795ec13dda4c10a0d72a	e50d0c183689e4053ccb35f8b29db9d8	858ed4564f11795ec13dda4c10a0fe2d	76612bd9a41885add4f6b0b768400213	76612bd9a41885add4f6b0b768400cc4	76612bd9a41885add4f6b0b768400e2f	76612bd9a41885add4f6b0b768401727	858ed4564f11795ec13dda4c10a11c73	858ed4564f11795ec13dda4c10a126b4	76612bd9a41885add4f6b0b768402828	858ed4564f11795ec13dda4c10a14413	858ed4564f11795ec13dda4c10a15a35	88af6472fb03642dd5eaf8cddcc0d7ce	76612bd9a41885add4f6b0b7684037d2	88af6472fb03642dd5eaf8cddcc0ffd2	858ed4564f11795ec13dda4c10a18ec7
k__Bacteria	290488	35658	149	198	20020	35196	8061	48240	4631	560	36481	369	94181	59401	135	295	36108	109861	3103
p__Firmicutes	164206	15254	99	48	7703	3012	1891	35690	2234	82	13680	12	38	20557	100	88	14284	42377	2999
p__Proteobacteria	6293	4652	7	17	4096	289	1026	241	273	58	3291	175	93979	287	33	204	456	483	104
p__Actinobacteria	15086	4721	7	3	193	30455	881	7815	972	4	242	158	4	6017	1	3	2898	61177	0
p__Bacteroidetes	100437	11030	35	129	7874	1433	3453	4490	1150	410	18663	19	160	11334	1	0	17725	2435	0
p__Fusobacteria	4374	1	1	0	152	6	810	1	1	6	214	5	0	20966	0	0	704	5	0
p__Synergistetes	0	0	0	0	1	0	0	0	0	0	282	0	0	0	0	0	0	100	0
p__Tenericutes	0	0	0	0	0	1	0	2	0	0	0	0	0	0	0	0	0	1	0
p__TM7	0	0	0	0	0	0	0	1	1	0	1	0	0	240	0	0	41	3283	0
p__Verrucomicrobia	86	0	0	1	1	0	0	0	0	0	108	0	0	0	0	0	0	0	0
p__Cyanobacteria	6	0	0	0	0	0	0	0	0	0	0	0	0	0	0	0	0	0	0
Firmicutes;c__Bacilli	1149	2050	46	6	225	264	128	30841	287	75	63	4	28	14440	69	87	392	34996	2999
NA;c__Betaproteobacteria	91	1530	0	0	0	13	36	240	168	0	89	1	0	116	0	176	52	1	0
Actinobacteriota;c__Actinobacteria	2016	4721	7	2	193	27731	461	6705	929	3	133	158	4	2849	1	3	2470	15599	0
Bacteroidota;c__Bacteroidia	100437	11030	35	129	7874	1432	3453	4490	1150	410	18663	19	160	11334	1	0	17725	2435	0
Actinobacteriota;c__Coriobacteriia	13070	0	0	1	0	2724	420	1110	43	1	109	0	0	3168	0	0	428	45578	0
Firmicutes_A;c__Clostridia	161389	13204	53	42	7478	2462	1740	4848	1871	7	13493	7	10	6038	31	1	13471	7155	0
NA;c__Epsilonproteobacteria	3874	0	0	14	4095	70	957	0	70	3	1917	3	0	130	0	0	307	426	0
Proteobacteria;c__Gammaproteobacteria	708	3118	7	2	1	206	10	1	35	43	5	47	93956	10	33	28	56	56	102
Fusobacteriota;c__Fusobacteriia	4374	1	1	0	152	6	810	1	1	6	214	5	0	20966	0	0	704	5	0
Proteobacteria;c__Alphaproteobacteria	0	4	0	0	0	0	1	0	0	12	1198	124	23	0	0	0	0	0	2
NA;c__Flavobacteriia	0	0	0	0	0	1	0	0	0	0	0	0	0	0	0	0	0	0	0
Synergistota;c__Synergistia	0	0	0	0	1	0	0	0	0	0	282	0	0	0	0	0	0	100	0
NA;c__Mollicutes	0	0	0	0	0	1	0	2	0	0	0	0	0	0	0	0	0	1	0
NA;c__TM7-3	0	0	0	0	0	0	0	1	1	0	1	0	0	240	0	0	41	3283	0
NA;c__Erysipelotrichi	1668	0	0	0	0	286	23	1	76	0	124	1	0	79	0	0	421	226	0
NA;c__Deltaproteobacteria	1620	0	0	1	0	0	22	0	0	0	82	0	0	31	0	0	41	0	0
Verrucomicrobiota;c__Verrucomicrobiae	86	0	0	1	1	0	0	0	0	0	108	0	0	0	0	0	0	0	0
NA;c__Chloroplast	6	0	0	0	0	0	0	0	0	0	0	0	0	0	0	0	0	0	0
Firmicutes;Bacilli;o__Lactobacillales	1094	1895	46	6	182	88	127	30660	251	75	63	4	20	14412	69	85	281	34940	2811
NA;NA;o__Burkholderiales	90	1530	0	0	0	13	36	240	167	0	89	1	0	116	0	176	49	1	0
Actinobacteriota;Actinobacteria;o__Actinomycetales	211	4486	1	0	193	27561	65	748	711	2	126	157	4	600	0	0	1843	2172	0
Bacteroidota;Bacteroidia;o__Bacteroidales	100437	11030	35	129	7874	1432	3453	4490	1150	410	18663	19	160	11334	1	0	17725	2435	0
Actinobacteriota;Coriobacteriia;o__Coriobacteriales	13070	0	0	1	0	2724	420	1110	43	1	109	0	0	3168	0	0	428	45578	0
Firmicutes;Bacilli;o__Bacillales	23	155	0	0	43	161	0	84	2	0	0	0	8	28	0	0	111	56	188
NA;NA;o__Gemellales	0	0	0	0	0	15	1	0	0	0	0	0	0	0	0	2	0	0	0
Firmicutes_A;Clostridia;o__Clostridiales	160829	13204	53	42	7478	2462	1739	4848	1816	7	13493	7	10	6038	31	1	13437	7155	0
NA;NA;o__Bifidobacteriales	1805	235	6	2	0	170	396	5957	218	1	7	1	0	2249	1	3	627	13427	0
NA;NA;o__Halanaerobiales	475	0	0	0	0	0	1	0	55	0	0	0	0	0	0	0	34	0	0
Campylobacterota;Campylobacteria;o__Campylobacterales	3874	0	0	14	4095	70	957	0	70	3	1917	3	0	130	0	0	307	426	0
NA;NA;o__Enterobacteriales	693	3118	7	0	1	181	9	0	33	29	1	2	93931	3	33	1	47	48	102
Fusobacteriota;Fusobacteriia;o__Fusobacteriales	4374	1	1	0	152	6	810	1	1	6	214	5	0	20966	0	0	704	5	0
Proteobacteria;Gammaproteobacteria;o__Pseudomonadales	2	0	0	0	0	24	0	0	0	13	0	0	10	3	0	0	9	7	0
Proteobacteria;Alphaproteobacteria;o__Rhizobiales	0	4	0	0	0	0	1	0	0	12	0	121	23	0	0	0	0	0	2
NA;NA;o__Neisseriales	1	0	0	0	0	0	0	0	1	0	0	0	0	0	0	0	3	0	0
NA;NA;o__Pasteurellales	0	0	0	2	0	1	0	0	1	1	4	0	15	4	0	0	0	1	0
Bacteroidota;Bacteroidia;o__Flavobacteriales	0	0	0	0	0	1	0	0	0	0	0	0	0	0	0	0	0	0	0
Synergistota;Synergistia;o__Synergistales	0	0	0	0	1	0	0	0	0	0	282	0	0	0	0	0	0	100	0
Firmicutes;Bacilli;o__Mycoplasmatales	0	0	0	0	0	0	0	2	0	0	0	0	0	0	0	0	0	1	0
Firmicutes;Bacilli;o__Erysipelotrichales	1668	0	0	0	0	286	23	1	76	0	124	1	0	79	0	0	421	226	0
NA;NA;o__SHA-98	85	0	0	0	0	0	0	0	0	0	0	0	0	0	0	0	0	0	0
Desulfobacterota;Desulfovibrionia;o__Desulfovibrionales	1620	0	0	1	0	0	22	0	0	0	82	0	0	31	0	0	41	0	0
NA;NA;o__I025	0	0	0	0	0	0	0	1	0	0	1	0	0	240	0	0	41	3283	0
Proteobacteria;Alphaproteobacteria;o__RF32	0	0	0	0	0	0	0	0	0	0	1198	0	0	0	0	0	0	0	0
Verrucomicrobiota;Verrucomicrobiae;o__Verrucomicrobiales	86	0	0	1	1	0	0	0	0	0	108	0	0	0	0	0	0	0	0
NA;NA;o__Streptophyta	6	0	0	0	0	0	0	0	0	0	0	0	0	0	0	0	0	0	0
Proteobacteria;Gammaproteobacteria;o__Xanthomonadales	13	0	0	0	0	0	1	1	1	0	0	45	0	0	0	27	0	0	0
NA;NA;o__Turicibacterales	32	0	0	0	0	0	0	97	34	0	0	0	0	0	0	0	0	0	0
Firmicutes;Bacilli;o__RF39	0	0	0	0	0	1	0	0	0	0	0	0	0	0	0	0	0	0	0
Proteobacteria;Alphaproteobacteria;o__Caulobacterales	0	0	0	0	0	0	0	0	0	0	0	3	0	0	0	0	0	0	0
Firmicutes;Bacilli;Lactobacillales;f__Lactobacillaceae	146	6	46	2	160	34	125	29284	74	73	25	3	7	14189	68	78	29	34921	0
NA;NA;NA;f__Alcaligenaceae	34	1530	0	0	0	12	36	240	167	0	84	1	0	116	0	0	49	0	0
NA;NA;NA;f__Prevotellaceae	37955	4117	0	113	5348	377	2279	2888	231	140	7225	13	0	9149	1	0	5907	796	0
Actinobacteriota;Actinobacteria;Corynebacteriales;f__Corynebacteriaceae	204	4486	1	0	192	27550	4	748	668	0	24	156	2	543	0	0	1726	2110	0
Actinobacteriota;Coriobacteriia;Coriobacteriales;f__Coriobacteriaceae	13070	0	0	1	0	2724	420	1110	43	1	109	0	0	3168	0	0	428	45578	0
Firmicutes;Bacilli;Bacillales;f__Bacillaceae	9	0	0	0	43	157	0	0	0	0	0	0	0	28	0	0	20	26	0
Firmicutes;Bacilli;Lactobacillales;f__Aerococcaceae	0	0	0	0	18	0	0	1	143	0	0	0	0	0	0	0	109	1	0
Firmicutes;Bacilli;Staphylococcales;f__Gemellaceae	0	0	0	0	0	15	1	0	0	0	0	0	0	0	0	2	0	0	0
Firmicutes;Bacilli;Lactobacillales;f__Streptococcaceae	948	1167	0	4	4	54	2	1375	33	2	38	1	11	223	1	7	143	17	311
Firmicutes_C;Negativicutes;Veillonellales;f__Veillonellaceae	16973	2408	0	12	491	369	695	788	136	5	1260	2	10	904	29	1	1243	4782	0
Actinobacteriota;Actinobacteria;Actinomycetales;f__Bifidobacteriaceae	1805	235	6	2	0	170	396	5957	218	1	7	1	0	2249	1	3	627	13427	0
NA;NA;NA;f__Halanaerobiaceae	475	0	0	0	0	0	1	0	55	0	0	0	0	0	0	0	34	0	0
Firmicutes_A;Clostridia;Peptostreptococcales;f__Peptostreptococcaceae	1744	877	0	0	0	44	127	371	0	0	0	0	0	291	0	0	152	0	0
NA;NA;NA;f__[Tissierellaceae]	2555	2137	0	4	5322	997	372	2188	144	0	3475	2	0	3450	2	0	2506	275	0
Actinobacteriota;Actinobacteria;Actinomycetales;f__Micrococcaceae	5	0	0	0	0	2	0	0	0	2	1	1	2	1	0	0	1	0	0
NA;NA;NA;f__Planococcaceae	13	155	0	0	0	4	0	84	2	0	0	0	8	0	0	0	89	30	187
Firmicutes_A;Clostridia;Clostridiales;f__Clostridiaceae	208	0	0	1	44	1	166	0	78	0	12	0	0	425	0	0	136	12	0
Bacteroidota;Bacteroidia;Bacteroidales;f__Bacteroidaceae	24326	5633	15	10	1994	966	863	1252	755	138	9340	5	102	247	0	0	11190	903	0
Campylobacterota;Campylobacteria;Campylobacterales;f__Campylobacteraceae	3874	0	0	14	4095	70	957	0	70	3	1917	3	0	130	0	0	307	426	0
Bacteroidota;Bacteroidia;Bacteroidales;f__Porphyromonadaceae	25513	827	20	1	530	85	80	194	164	90	861	0	0	126	0	0	0	128	0
Proteobacteria;Gammaproteobacteria;Enterobacterales;f__Enterobacteriaceae	693	3118	7	0	1	181	9	0	33	29	1	2	93931	3	33	1	47	48	102
Actinobacteriota;Actinobacteria;Actinomycetales;f__Actinomycetaceae	1	0	0	0	1	2	61	0	43	0	101	0	0	56	0	0	26	9	0
Fusobacteriota;Fusobacteriia;Fusobacteriales;f__Fusobacteriaceae	4374	1	0	0	152	3	205	0	1	0	211	5	0	1530	0	0	14	2	0
Firmicutes_A;Clostridia;Oscillospirales;f__Ruminococcaceae	107988	4047	53	14	606	125	180	965	1016	1	5631	3	0	516	0	0	5676	936	0
Proteobacteria;Gammaproteobacteria;Pseudomonadales;f__Moraxellaceae	2	0	0	0	0	0	0	0	0	0	0	0	10	3	0	0	9	0	0
Bacteroidota;Bacteroidia;Bacteroidales;f__Rikenellaceae	12454	447	0	1	0	2	140	153	0	0	686	1	0	53	0	0	444	98	0
NA;NA;NA;f__Bradyrhizobiaceae	0	0	0	0	0	0	1	0	0	1	0	121	0	0	0	0	0	0	0
Fusobacteriota;Fusobacteriia;Fusobacteriales;f__Leptotrichiaceae	0	0	1	0	0	3	605	1	0	6	3	0	0	19436	0	0	690	3	0
Proteobacteria;Gammaproteobacteria;Betaproteobacteriales;f__Neisseriaceae	1	0	0	0	0	0	0	0	1	0	0	0	0	0	0	0	3	0	0
Firmicutes_A;Clostridia;Lachnospirales;f__Lachnospiraceae	21398	3449	0	8	925	440	109	257	353	1	2216	0	0	377	0	0	2831	355	0
Proteobacteria;Gammaproteobacteria;Enterobacterales;f__Pasteurellaceae	0	0	0	2	0	1	0	0	1	1	4	0	15	4	0	0	0	1	0
Proteobacteria;Gammaproteobacteria;Betaproteobacteriales;f__Burkholderiaceae	0	0	0	0	0	1	0	0	0	0	0	0	0	0	0	0	0	1	0
NA;NA;NA;f__[Weeksellaceae]	0	0	0	0	0	1	0	0	0	0	0	0	0	0	0	0	0	0	0
NA;NA;NA;f__[Paraprevotellaceae]	1	0	0	0	0	1	0	1	0	0	1	0	0	1	0	0	0	0	0
Synergistota;Synergistia;Synergistales;f__Dethiosulfovibrionaceae	0	0	0	0	0	0	0	0	0	0	282	0	0	0	0	0	0	100	0
Firmicutes;Bacilli;Mycoplasmatales;f__Mycoplasmataceae	0	0	0	0	0	0	0	2	0	0	0	0	0	0	0	0	0	1	0
NA;NA;NA;f__Carnobacteriaceae	0	0	0	0	0	0	0	0	1	0	0	0	0	0	0	0	0	1	0
Firmicutes;Bacilli;Erysipelotrichales;f__Erysipelotrichaceae	1668	0	0	0	0	286	23	1	76	0	124	1	0	79	0	0	421	226	0
Firmicutes_A;Clostridia;Eubacteriales;f__Eubacteriaceae	324	0	0	0	0	0	0	0	0	0	0	0	0	0	0	0	0	0	0
Desulfobacterota;Desulfovibrionia;Desulfovibrionales;f__Desulfovibrionaceae	1620	0	0	1	0	0	22	0	0	0	82	0	0	31	0	0	41	0	0
NA;NA;NA;f__[Mogibacteriaceae]	49	0	0	0	0	0	7	0	0	0	6	0	0	0	0	0	8	0	0
Firmicutes_A;Clostridia;Christensenellales;f__Christensenellaceae	220	0	0	0	0	0	0	0	0	0	1	0	0	0	0	0	0	0	0
NA;NA;NA;f__Rs-045	0	0	0	0	0	0	0	1	0	0	1	0	0	240	0	0	41	3283	0
NA;NA;NA;f__Propionibacteriaceae	0	0	0	0	0	0	0	0	0	0	0	0	0	0	0	0	0	5	0
NA;NA;NA;f__[Odoribacteraceae]	2	1	0	0	0	0	12	0	0	42	279	0	58	1061	0	0	0	510	0
NA;NA;NA;f__Methylobacteriaceae	0	0	0	0	0	0	0	0	0	0	0	0	23	0	0	0	0	0	0
Firmicutes;Bacilli;Lactobacillales;f__Enterococcaceae	0	722	0	0	0	0	0	0	0	0	0	0	2	0	0	0	0	0	2499
NA;NA;NA;f__[Barnesiellaceae]	0	5	0	1	2	1	7	1	0	0	193	0	0	0	0	0	14	0	0
NA;NA;NA;f__S24-7	186	0	0	3	0	0	72	0	0	0	78	0	0	696	0	0	170	0	0
NA;NA;NA;f__Verrucomicrobiaceae	86	0	0	1	1	0	0	0	0	0	108	0	0	0	0	0	0	0	0
NA;NA;NA;f__Oxalobacteraceae	56	0	0	0	0	0	0	0	0	0	5	0	0	0	0	0	0	0	0
Proteobacteria;Gammaproteobacteria;Pseudomonadales;f__Pseudomonadaceae	0	0	0	0	0	24	0	0	0	13	0	0	0	0	0	0	0	7	0
Proteobacteria;Alphaproteobacteria;Rhizobiales;f__Rhizobiaceae	0	0	0	0	0	0	0	0	0	11	0	0	0	0	0	0	0	0	0
Actinobacteriota;Actinobacteria;Actinomycetales;f__Dermabacteraceae	1	0	0	0	0	5	0	0	0	0	0	0	0	0	0	0	8	48	0
NA;NA;NA;f__Comamonadaceae	0	0	0	0	0	0	0	0	0	0	0	0	0	0	0	176	0	0	0
NA;NA;NA;f__Peptococcaceae	0	0	0	0	0	0	0	0	0	0	33	0	0	0	0	0	0	0	0
Firmicutes;Alicyclobacillia;Alicyclobacillales;f__Alicyclobacillaceae	1	0	0	0	0	0	0	0	0	0	0	0	0	0	0	0	0	0	0
Proteobacteria;Gammaproteobacteria;Xanthomonadales;f__Xanthomonadaceae	13	0	0	0	0	0	1	1	1	0	0	45	0	0	0	27	0	0	0
Firmicutes;Bacilli;Haloplasmatales;f__Turicibacteraceae	32	0	0	0	0	0	0	97	34	0	0	0	0	0	0	0	0	0	0
Actinobacteriota;Actinobacteria;Actinomycetales;f__Brevibacteriaceae	0	0	0	0	0	0	0	0	0	0	0	0	0	0	0	0	24	0	0
Firmicutes;Bacilli;Staphylococcales;f__Staphylococcaceae	0	0	0	0	0	0	0	0	0	0	0	0	0	0	0	0	2	0	1
NA;NA;NA;f__RF16	0	0	0	0	0	0	0	1	0	0	0	0	0	1	0	0	0	0	0
Proteobacteria;Alphaproteobacteria;Caulobacterales;f__Caulobacteraceae	0	0	0	0	0	0	0	0	0	0	0	3	0	0	0	0	0	0	0
NA;NA;NA;f__F16	0	0	0	0	0	0	0	1	0	0	0	0	0	1	0	0	0	0	0
NA;NA;NA;f__Bartonellaceae	0	0	0	0	0	0	0	0	0	0	0	0	0	0	0	0	0	0	2
Firmicutes;Bacilli;Lactobacillales;Lactobacillaceae;g__Lactobacillus	146	6	46	2	160	34	125	29284	74	73	25	3	7	14189	68	78	29	34921	0
Proteobacteria;Gammaproteobacteria;Betaproteobacteriales;Burkholderiaceae;g__Sutterella	34	1530	0	0	0	12	36	240	167	0	84	1	0	116	0	0	49	0	0
Bacteroidota;Bacteroidia;Bacteroidales;Bacteroidaceae;g__Prevotella	37956	4117	0	113	5348	377	2279	2889	231	140	7225	13	0	9150	1	0	5907	796	0
Actinobacteriota;Actinobacteria;Corynebacteriales;Corynebacteriaceae;g__Corynebacterium	204	4486	1	0	192	27550	4	748	668	0	24	156	2	543	0	0	1726	2110	0
Firmicutes;Bacilli;Bacillales;Bacillaceae_G;g__Bacillus	9	0	0	0	43	157	0	0	0	0	0	0	0	28	0	0	20	26	0
Firmicutes;Bacilli;Lactobacillales;Aerococcaceae;g__Aerococcus	0	0	0	0	0	0	0	1	0	0	0	0	0	0	0	0	109	1	0
Firmicutes;Bacilli;Lactobacillales;Streptococcaceae;g__Streptococcus	942	1167	0	4	4	54	2	1375	33	2	38	1	11	223	1	7	143	17	311
Firmicutes_C;Negativicutes;Veillonellales;Dialisteraceae;g__Dialister	16929	322	0	0	412	6	483	788	125	3	1154	2	10	841	1	0	614	263	0
NA;NA;NA;NA;g__Gardnerella	707	234	6	1	0	76	367	5957	0	1	0	0	0	2132	1	0	131	13418	0
NA;NA;NA;NA;g__Peptostreptococcus	1671	877	0	0	0	43	125	371	0	0	0	0	0	290	0	0	144	0	0
Firmicutes_A;Clostridia;Tissierellales;Peptoniphilaceae;g__Peptoniphilus	2534	770	0	2	1582	294	156	1449	40	0	830	1	0	942	2	0	609	193	0
Actinobacteriota;Actinobacteria;Actinomycetales;Micrococcaceae;g__Rothia	5	0	0	0	0	2	0	0	0	2	1	1	2	1	0	0	1	0	0
Firmicutes_A;Clostridia;Clostridiales;Clostridiaceae;g__Clostridium	108	0	0	1	43	1	166	0	78	0	9	0	0	425	0	0	134	12	0
Bacteroidota;Bacteroidia;Bacteroidales;Bacteroidaceae;g__Bacteroides	24326	5633	15	10	1994	966	863	1252	755	138	9340	5	102	247	0	0	11190	903	0
Campylobacterota;Campylobacteria;Campylobacterales;Campylobacteraceae;g__Campylobacter	3874	0	0	14	4095	70	957	0	70	3	1917	3	0	130	0	0	307	426	0
Bacteroidota;Bacteroidia;Bacteroidales;Tannerellaceae;g__Parabacteroides	24530	827	20	1	0	76	80	194	8	90	842	0	0	126	0	0	0	92	0
Actinobacteriota;Actinobacteria;Actinomycetales;Actinomycetaceae;g__Mobiluncus	0	0	0	0	1	1	61	0	0	0	100	0	0	56	0	0	14	9	0
Fusobacteriota;Fusobacteriia;Fusobacteriales;Fusobacteriaceae;g__Fusobacterium	4374	1	0	0	152	3	205	0	1	0	211	5	0	1530	0	0	14	2	0
Firmicutes_A;Clostridia;Oscillospirales;Ruminococcaceae;g__Faecalibacterium	49089	2955	52	5	467	58	23	1	884	0	2337	0	0	3	0	0	3582	612	0
NA;NA;NA;NA;g__Proteus	0	3	0	0	0	0	1	0	0	0	0	0	0	0	23	0	0	0	0
Firmicutes_C;Negativicutes;Veillonellales;Veillonellaceae;g__Veillonella	42	0	0	0	5	362	0	0	11	1	5	0	0	1	24	1	18	15	0
Firmicutes_C;Negativicutes;Veillonellales;Megasphaeraceae;g__Megasphaera	0	0	0	0	0	0	44	0	0	1	95	0	0	1	4	0	106	4504	0
Fusobacteriota;Fusobacteriia;Fusobacteriales;Leptotrichiaceae;g__Sneathia	0	0	1	0	0	0	605	1	0	6	3	0	0	19436	0	0	690	3	0
NA;NA;NA;NA;g__Leptotrichia	0	0	0	0	0	3	0	0	0	0	0	0	0	0	0	0	0	0	0
Proteobacteria;Gammaproteobacteria;Betaproteobacteriales;Neisseriaceae;g__Neisseria	1	0	0	0	0	0	0	0	0	0	0	0	0	0	0	0	3	0	0
Bacteroidota;Bacteroidia;Bacteroidales;Porphyromonadaceae;g__Porphyromonas	0	0	0	0	530	9	0	0	156	0	19	0	0	0	0	0	0	36	0
Actinobacteriota;Actinobacteria;Actinomycetales;Actinomycetaceae;g__Actinomyces	1	0	0	0	0	1	0	0	43	0	1	0	0	0	0	0	1	0	0
Firmicutes_A;Clostridia;Lachnospirales;Lachnospiraceae;g__Oribacterium	0	0	0	0	0	0	0	0	0	1	0	0	0	0	0	0	0	0	0
NA;NA;NA;NA;g__Lautropia	0	0	0	0	0	1	0	0	0	0	0	0	0	0	0	0	0	1	0
NA;NA;NA;NA;g__[Prevotella]	1	0	0	0	0	0	0	1	0	0	0	0	0	1	0	0	0	0	0
NA;NA;NA;NA;g__Filifactor	0	0	0	0	0	1	0	0	0	0	0	0	0	1	0	0	0	0	0
NA;NA;NA;NA;g__Moryella	0	0	0	3	93	0	7	0	0	0	61	0	0	207	0	0	1	0	0
Actinobacteriota;Actinobacteria;Actinomycetales;Bifidobacteriaceae;g__Bifidobacterium	1098	1	0	1	0	94	29	0	218	0	7	1	0	117	0	3	496	9	0
Firmicutes_A;Clostridia;Tissierellales;Helcococcaceae;g__Parvimonas	0	0	0	0	0	0	159	0	0	0	0	0	0	2143	0	0	66	18	0
NA;NA;NA;NA;g__Granulicatella	0	0	0	0	0	0	0	0	1	0	0	0	0	0	0	0	0	1	0
NA;NA;NA;NA;g__Eikenella	0	0	0	0	0	0	0	0	1	0	0	0	0	0	0	0	0	0	0
Proteobacteria;Gammaproteobacteria;Enterobacterales;Pasteurellaceae;g__Haemophilus	0	0	0	2	0	1	0	0	1	1	4	0	15	4	0	0	0	1	0
Firmicutes_A;Clostridia;Tissierellales;Helcococcaceae;g__Anaerococcus	15	1366	0	0	373	487	7	739	13	0	168	0	0	310	0	0	1150	60	0
Actinobacteriota;Coriobacteriia;Coriobacteriales;Coriobacteriaceae;g__Collinsella	7664	0	0	1	0	2724	39	303	43	0	85	0	0	4	0	0	306	647	0
NA;NA;NA;NA;g__[Ruminococcus]	2833	494	0	0	175	49	5	1	9	0	86	0	0	0	0	0	112	97	0
Firmicutes_A;Clostridia;Lachnospirales;Lachnospiraceae;g__Blautia	4375	953	0	1	442	325	40	46	186	0	354	0	0	33	0	0	821	11	0
NA;NA;NA;NA;g__Oscillospira	14230	0	0	3	0	40	97	286	0	1	120	1	0	98	0	0	37	0	0
Firmicutes_A;Clostridia;Lachnospirales;Lachnospiraceae;g__Lachnospira	1932	0	0	1	1	0	0	0	1	0	43	0	0	11	0	0	66	0	0
Firmicutes_A;Clostridia;Lachnospirales;Lachnospiraceae;g__Coprococcus	1333	19	0	1	7	13	1	0	7	0	251	0	0	61	0	0	183	2	0
Firmicutes_A;Clostridia;Tissierellales;Helcococcaceae;g__Finegoldia	6	0	0	0	0	0	0	0	0	0	1	0	0	0	0	0	1	0	0
Actinobacteriota;Coriobacteriia;Coriobacteriales;Eggerthellaceae;g__Eggerthella	356	0	0	0	0	0	0	0	0	0	1	0	0	0	0	0	0	0	0
Firmicutes_A;Clostridia;Lachnospirales;Lachnospiraceae;g__Roseburia	851	558	0	0	0	0	1	0	22	0	3	0	0	0	0	0	0	31	0
NA;NA;NA;NA;g__Anaerotruncus	172	0	0	0	0	0	0	0	0	0	0	0	0	0	0	0	0	0	0
Firmicutes_A;Clostridia;Lachnospirales;Lachnospiraceae;g__Ruminococcus	15124	494	0	2	190	49	9	14	9	0	377	1	0	22	0	0	1209	116	0
Firmicutes_A;Clostridia;Lachnospirales;Lachnospiraceae;g__Dorea	705	754	0	0	0	2	12	201	0	0	19	0	0	1	0	0	258	37	0
NA;NA;NA;NA;g__[Eubacterium]	159	0	0	0	0	131	22	0	0	0	0	0	0	0	0	0	421	226	0
NA;NA;NA;NA;g__Phascolarctobacterium	0	0	0	0	74	0	0	0	0	0	5	0	0	61	0	0	0	0	0
Actinobacteriota;Coriobacteriia;Coriobacteriales;Atopobiaceae;g__Atopobium	419	0	0	0	0	0	0	0	0	0	10	0	0	0	0	0	0	0	0
NA;NA;NA;NA;g__1-68	0	1	0	2	3119	215	50	0	40	0	2475	1	0	55	0	0	680	4	0
NA;NA;NA;NA;g__Adlercreutzia	140	0	0	0	0	0	1	0	0	0	0	0	0	0	0	0	0	0	0
NA;NA;NA;NA;g__Pseudoramibacter_Eubacterium	324	0	0	0	0	0	0	0	0	0	0	0	0	0	0	0	0	0	0
Actinobacteriota;Coriobacteriia;Coriobacteriales;Eggerthellaceae;g__Slackia	2594	0	0	0	0	0	8	0	0	0	11	0	0	2	0	0	0	0	0
NA;NA;NA;NA;g__Bilophila	1465	0	0	0	0	0	22	0	0	0	41	0	0	0	0	0	41	0	0
Desulfobacterota;Desulfovibrionia;Desulfovibrionales;Desulfovibrionaceae;g__Desulfovibrio	155	0	0	1	0	0	0	0	0	0	41	0	0	31	0	0	0	0	0
NA;NA;NA;NA;g__Actinobaculum	0	0	0	0	0	0	0	0	0	0	0	0	0	0	0	0	11	0	0
NA;NA;NA;NA;g__Propionibacterium	0	0	0	0	0	0	0	0	0	0	0	0	0	0	0	0	0	5	0
Bacteroidota;Bacteroidia;Bacteroidales;Marinifilaceae;g__Butyricimonas	0	1	0	0	0	0	5	0	0	42	265	0	58	1061	0	0	0	509	0
NA;NA;NA;NA;g__Methylobacterium	0	0	0	0	0	0	0	0	0	0	0	0	23	0	0	0	0	0	0
Firmicutes;Bacilli;Lactobacillales;Aerococcaceae;g__Facklamia	0	0	0	0	18	0	0	0	143	0	0	0	0	0	0	0	0	0	0
Bacteroidota;Bacteroidia;Bacteroidales;Marinifilaceae;g__Odoribacter	2	0	0	0	0	0	7	0	0	0	14	0	0	0	0	0	0	1	0
NA;NA;NA;NA;g__Dysgonomonas	983	0	0	0	0	0	0	0	0	0	0	0	0	0	0	0	0	0	0
Verrucomicrobiota;Verrucomicrobiae;Verrucomicrobiales;Akkermansiaceae;g__Akkermansia	86	0	0	1	1	0	0	0	0	0	108	0	0	0	0	0	0	0	0
NA;NA;NA;NA;g__Enterococcus	0	5	0	0	0	0	0	0	0	0	0	0	0	0	0	0	0	0	13
Firmicutes_A;Clostridia;Christensenellales;Christensenellaceae;g__Christensenella	14	0	0	0	0	0	0	0	0	0	0	0	0	0	0	0	0	0	0
NA;NA;NA;NA;g__SMB53	20	0	0	0	0	0	0	0	0	0	0	0	0	0	0	0	0	0	0
NA;NA;NA;NA;g__Lactococcus	6	0	0	0	0	0	0	0	0	0	0	0	0	0	0	0	0	0	0
NA;NA;NA;NA;g__Butyrivibrio	0	0	0	0	0	0	0	0	0	0	0	0	0	0	0	0	1	0	0
NA;NA;NA;NA;g__Oxalobacter	56	0	0	0	0	0	0	0	0	0	5	0	0	0	0	0	0	0	0
NA;NA;NA;NA;g__cc_115	87	0	0	0	0	0	0	1	0	0	0	0	0	0	0	0	0	0	0
Proteobacteria;Gammaproteobacteria;Pseudomonadales;Pseudomonadaceae;g__Pseudomonas	0	0	0	0	0	24	0	0	0	13	0	0	0	0	0	0	0	7	0
Bacteroidota;Bacteroidia;Bacteroidales;Bacteroidaceae;g__Paraprevotella	0	0	0	0	0	0	0	0	0	0	1	0	0	0	0	0	0	0	0
Actinobacteriota;Actinobacteria;Actinomycetales;Dermabacteraceae;g__Dermabacter	1	0	0	0	0	5	0	0	0	0	0	0	0	0	0	0	8	48	0
NA;NA;NA;NA;g__Acidovorax	0	0	0	0	0	0	0	0	0	0	0	0	0	0	0	174	0	0	0
Firmicutes;Alicyclobacillia;Alicyclobacillales;Alicyclobacillaceae;g__Alicyclobacillus	1	0	0	0	0	0	0	0	0	0	0	0	0	0	0	0	0	0	0
Proteobacteria;Gammaproteobacteria;Pseudomonadales;Moraxellaceae;g__Acinetobacter	2	0	0	0	0	0	0	0	0	0	0	0	0	1	0	0	9	0	0
NA;NA;NA;NA;g__Thermomonas	3	0	0	0	0	0	0	0	0	0	0	0	0	0	0	0	0	0	0
NA;NA;NA;NA;g__Dokdonella	9	0	0	0	0	0	0	0	0	0	0	0	0	0	0	0	0	0	0
Firmicutes;Bacilli;Haloplasmatales;Turicibacteraceae;g__Turicibacter	32	0	0	0	0	0	0	97	34	0	0	0	0	0	0	0	0	0	0
NA;NA;NA;NA;g__Bulleidia	0	0	0	0	0	0	0	0	0	0	0	0	0	79	0	0	0	0	0
Firmicutes;Bacilli;Erysipelotrichales;Erysipelatoclostridiaceae;g__Catenibacterium	0	0	0	0	0	0	0	0	0	0	0	1	0	0	0	0	0	0	0
NA;NA;NA;NA;g__Vagococcus	0	1	0	0	0	0	0	0	0	0	0	0	0	0	0	0	0	0	2
Actinobacteriota;Actinobacteria;Actinomycetales;Brevibacteriaceae;g__Brevibacterium	0	0	0	0	0	0	0	0	0	0	0	0	0	0	0	0	24	0	0
Firmicutes_C;Negativicutes;Acidaminococcales;Acidaminococcaceae;g__Acidaminococcus	0	2085	0	12	0	1	168	0	0	0	1	0	0	0	0	0	505	0	0
Firmicutes_A;Clostridia;Tissierellales;Helcococcaceae;g__Helcococcus	0	0	0	0	247	0	0	0	51	0	1	0	0	0	0	0	0	0	0
NA;NA;NA;NA;g__Lachnobacterium	0	0	0	0	0	0	0	0	0	0	4	0	0	0	0	0	0	0	0
NA;NA;NA;NA;g__Anaerostipes	0	0	0	0	0	0	0	0	0	0	7	0	0	0	0	0	23	0	0
Firmicutes;Bacilli;Staphylococcales;Staphylococcaceae;g__Staphylococcus	0	0	0	0	0	0	0	0	0	0	0	0	0	0	0	0	2	0	1
Firmicutes_C;Negativicutes;Selenomonadales;Selenomonadaceae;g__Megamonas	0	1	0	0	0	0	0	0	0	0	0	0	0	0	0	0	0	0	0
Synergistota;Synergistia;Synergistales;Dethiosulfovibrionaceae;g__Pyramidobacter	0	0	0	0	0	0	0	0	0	0	6	0	0	0	0	0	0	0	0
Firmicutes;Bacilli;Mycoplasmatales;Ureaplasmataceae;g__Ureaplasma	0	0	0	0	0	0	0	2	0	0	0	0	0	0	0	0	0	1	0
NA;NA;NA;NA;g__Caulobacter	0	0	0	0	0	0	0	0	0	0	0	2	0	0	0	0	0	0	0
NA;NA;NA;NA;g__WAL_1855D	0	0	0	0	1	1	0	0	0	0	0	0	0	0	0	0	0	0	0
NA;NA;NA;NA;g__rc4-4	0	0	0	0	0	0	0	0	0	0	33	0	0	0	0	0	0	0	0
NA;NA;NA;NA;NA;s__coleohominis	0	0	0	0	0	0	0	0	0	0	0	0	0	95	0	1	0	0	0
NA;NA;NA;NA;NA;s__anaerobius	1671	877	0	0	0	43	125	371	0	0	0	0	0	290	0	0	144	0	0
Actinobacteriota;Actinobacteria;Actinomycetales;Micrococcaceae;Rothia;s__mucilaginosa	5	0	0	0	0	2	0	0	0	2	1	1	2	1	0	0	1	0	0
NA;NA;NA;NA;NA;s__distasonis	0	462	20	1	0	76	13	0	6	90	268	0	0	90	0	0	0	25	0
Firmicutes_A;Clostridia;Oscillospirales;Ruminococcaceae;Faecalibacterium;s__prausnitzii	49089	2955	52	5	467	58	23	1	884	0	2335	0	0	3	0	0	3582	612	0
NA;NA;NA;NA;NA;s__dispar	23	0	0	0	3	0	0	0	0	0	2	0	0	0	16	1	8	6	0
NA;NA;NA;NA;NA;s__fragilis	0	0	0	0	0	0	0	0	0	1	5	0	1	10	0	0	0	5	0
NA;NA;NA;NA;NA;s__subflava	1	0	0	0	0	0	0	0	0	0	0	0	0	0	0	0	2	0	0
NA;NA;NA;NA;NA;s__endodontalis	0	0	0	0	0	3	0	0	0	0	2	0	0	0	0	0	0	0	0
NA;NA;NA;NA;NA;s__melaninogenica	26	0	0	0	0	1	0	0	1	1	0	0	0	2	0	0	7	1	0
NA;NA;NA;NA;NA;s__tannerae	0	0	0	0	0	0	0	0	0	0	0	0	0	1	0	0	0	0	0
NA;NA;NA;NA;NA;s__parvula	19	0	0	0	2	0	0	0	11	1	3	0	0	0	8	0	10	9	0
NA;NA;NA;NA;NA;s__parainfluenzae	0	0	0	2	0	0	0	0	1	1	4	0	15	4	0	0	0	0	0
Actinobacteriota;Coriobacteriia;Coriobacteriales;Coriobacteriaceae;Collinsella;s__aerofaciens	7134	0	0	1	0	2724	39	303	43	0	84	0	0	4	0	0	306	640	0
Bacteroidota;Bacteroidia;Bacteroidales;Bacteroidaceae;Prevotella;s__copri	0	0	0	5	0	1	0	2538	0	0	16	0	0	0	0	0	0	0	0
NA;NA;NA;NA;NA;s__lenta	356	0	0	0	0	0	0	0	0	0	1	0	0	0	0	0	0	0	0
Firmicutes_A;Clostridia;Lachnospirales;Lachnospiraceae;Ruminococcus_B;s__gnavus	2358	493	0	0	175	49	5	1	9	0	73	0	0	0	0	0	88	57	0
NA;NA;NA;NA;NA;s__dolichum	159	0	0	0	0	127	0	0	0	0	0	0	0	0	0	0	0	25	0
NA;NA;NA;NA;NA;s__obeum	136	0	0	0	30	0	1	39	5	0	28	0	0	0	0	0	18	0	0
NA;NA;NA;NA;NA;s__longum	141	1	0	0	0	0	14	0	57	0	7	0	0	0	0	3	109	9	0
NA;NA;NA;NA;NA;s__bifidum	419	0	0	1	0	0	7	0	111	0	0	0	0	84	0	0	180	0	0
Campylobacterota;Campylobacteria;Campylobacterales;Campylobacteraceae;Campylobacter_B;s__ureolyticus	241	0	0	0	1337	2	22	0	70	0	741	0	0	0	0	0	0	169	0
Firmicutes;Bacilli;Lactobacillales;Lactobacillaceae;Lactobacillus;s__iners	0	0	0	0	1	0	0	18	0	0	0	0	0	101	0	0	0	157	0
NA;NA;NA;NA;NA;s__acnes	0	0	0	0	0	0	0	0	0	0	0	0	0	0	0	0	0	5	0
NA;NA;NA;NA;NA;s__uniformis	0	6	0	2	0	0	20	0	0	0	1691	0	0	91	0	0	840	224	0
NA;NA;NA;NA;NA;s__komagatae	0	0	0	0	0	0	0	0	0	0	0	0	23	0	0	0	0	0	0
Bacteroidota;Bacteroidia;Bacteroidales;Bacteroidaceae;Bacteroides;s__ovatus	0	95	0	0	50	1	11	0	0	0	62	0	0	0	0	0	527	0	0
NA;NA;NA;NA;NA;s__caccae	0	584	0	1	0	0	4	0	0	0	163	0	90	20	0	0	522	296	0
Actinobacteriota;Actinobacteria;Actinomycetales;Bifidobacteriaceae;Bifidobacterium;s__adolescentis	0	0	0	0	0	0	3	0	0	0	0	1	0	33	0	0	81	0	0
NA;NA;NA;NA;NA;s__muciniphila	86	0	0	1	1	0	0	0	0	0	108	0	0	0	0	0	0	0	0
NA;NA;NA;NA;NA;s__producta	12	0	0	0	53	0	2	0	0	0	0	0	0	0	0	0	66	0	0
NA;NA;NA;NA;NA;s__zeae	0	0	0	0	0	0	0	310	0	0	0	0	0	0	0	0	0	0	0
NA;NA;NA;NA;NA;s__formigenes	56	0	0	0	0	0	0	0	0	0	5	0	0	0	0	0	0	0	0
Bacteroidota;Bacteroidia;Bacteroidales;Bacteroidaceae;Prevotella;s__stercorea	0	0	0	1	0	0	0	0	0	0	0	0	0	0	0	0	0	0	0
NA;NA;NA;NA;NA;s__delafieldii	0	0	0	0	0	0	0	0	0	0	0	0	0	0	0	174	0	0	0
NA;NA;NA;NA;NA;s__moorei	0	0	0	0	0	0	0	0	0	0	0	0	0	79	0	0	0	0	0
NA;NA;NA;NA;NA;s__sobrinus	0	0	0	0	0	0	0	0	8	0	0	0	0	0	0	0	0	0	0
NA;NA;NA;NA;NA;s__biforme	0	0	0	0	0	4	22	0	0	0	0	0	0	0	0	0	421	201	0
Firmicutes_A;Clostridia;Oscillospirales;DTU089;Ruminococcus_E;s__bromii	0	0	0	0	0	0	0	0	0	0	0	0	0	0	0	0	513	0	0
NA;NA;NA;NA;NA;s__europaeus	0	0	0	0	0	0	0	0	43	0	1	0	0	0	0	0	1	0	0
NA;NA;NA;NA;NA;s__epidermidis	0	0	0	0	0	0	0	0	0	0	0	0	0	0	0	0	1	0	1
Firmicutes_A;Clostridia;Lachnospirales;Lachnospiraceae;Dorea;s__formicigenerans	0	0	0	0	0	2	1	0	0	0	0	0	0	0	0	0	5	0	0
NA;NA;NA;NA;NA;s__piscolens	0	0	0	0	0	0	0	0	0	0	5	0	0	0	0	0	0	0	0
Firmicutes;Bacilli;Lactobacillales;Lactobacillaceae;Lactobacillus;s__delbrueckii	0	0	0	0	0	0	0	0	0	0	0	1	0	0	0	0	0	0	0
NA;NA;NA;NA;NA;s__aureus	0	0	0	0	0	0	0	0	0	0	0	0	0	0	0	0	1	0	0
Bacteroidota;Bacteroidia;Bacteroidales;Bacteroidaceae;Bacteroides;s__eggerthii	0	0	0	1	0	0	0	0	0	0	0	0	0	12	0	0	0	0	0
NA;NA;NA;NA;NA;s__D168	0	0	0	1	0	0	0	0	0	0	41	0	0	31	0	0	0	0	0
NA;NA;NA;NA;NA;s__rhizosphaerae	0	0	0	0	0	0	0	0	0	0	0	0	0	0	0	0	4	0	0
Firmicutes_C;Negativicutes;Acidaminococcales;Acidaminococcaceae;Succiniclasticum;s__ruminis	0	0	0	0	0	0	0	0	31	0	1	0	0	0	0	0	0	0	0
Firmicutes_A;Clostridia;Oscillospirales;Ruminococcaceae;Ruminococcus;s__flavefaciens	0	0	0	0	0	0	0	0	0	0	1	0	0	0	0	0	0	0	0
NA;NA;NA;NA;NA;s__guillouiae	0	0	0	0	0	0	0	0	0	0	0	0	0	1	0	0	0	0	0
NA;NA;NA;NA;NA;s__fragi	0	0	0	0	0	0	0	0	0	1	5	0	1	10	0	0	0	5	0
NA;NA;NA;NA;NA;s__influenzae	0	0	0	2	0	0	0	0	1	1	4	0	15	4	0	0	0	0	0
