MOB.021.Vag.R1.fastq	MOB.022.Vag.R1.fastq	MOB.029.Vag.R1.fastq	MOB.037.Vag.R1.fastq	MOB.055.Vag.R1.fastq	MOB.103.Vag.R1.fastq	MOB.175.Vag.R1.fastq	MOB.195.Vag.R1.fastq	MOB.280.Vag.R1.fastq	MOB.281.Vag.R1.fastq
k__Bacteria	61210	91185	26031	534493	57089	74910	76919	61654	55865	74703
k__Archaea	41	59	0	0	7	43	16	10	0	103
p__Firmicutes_A	20236	55079	57	379749	24827	63743	41153	43966	4255	10523
p__Firmicutes	23458	64329	22836	405982	32304	65506	45123	46522	43006	64389
p__Bacteroidota	4742	17198	13	41628	3586	4683	216	6859	395	1822
p__Fusobacteriota	0	33	0	2275	0	281	451	0	0	0
p__Actinobacteriota	2353	4241	54	44646	19329	3681	30158	6985	90	4053
p__Cyanobacteriota	78	277	0	482	0	17	0	172	0	208
p__Proteobacteria	29710	2500	3128	34205	1579	119	928	218	12365	406
p__Desulfobacterota	54	144	0	0	0	41	14	280	3	0
p__Verrucomicrobiota	118	0	0	1505	0	7	0	98	2	0
p__Firmicutes_C	701	3497	1	5752	927	1091	882	589	25	898
p__Campylobacterota	502	2008	0	18	175	269	10	109	4	634
p__Synergistota	0	0	0	0	0	78	0	0	0	2631
p__Euryarchaeota	41	59	0	0	7	43	16	10	0	103
p__Planctomycetota	0	0	0	0	0	0	11	0	0	0
p__Deferribacterota	0	0	0	6	0	0	0	0	0	0
p__Elusimicrobiota	0	3	0	0	0	0	0	0	0	0
p__Spirochaetota	0	0	0	0	0	0	0	0	0	3
p__Bdellovibrionota	0	0	0	0	8	0	0	0	0	0
p__Firmicutes_B	0	0	0	0	0	0	0	4	0	0
Firmicutes_A;c__Clostridia	20236	55079	57	379749	24827	63743	41153	43966	4255	10523
Firmicutes;c__Bacilli	2521	5753	22778	20481	6550	672	3088	1963	38726	52968
Bacteroidota;c__Bacteroidia	4742	17198	13	41628	3586	4683	216	6859	395	1599
Fusobacteriota;c__Fusobacteriia	0	33	0	2275	0	281	451	0	0	0
Actinobacteriota;c__Actinobacteria	2042	3067	53	42938	18985	2448	29688	6486	60	3580
Firmicutes;c__Bacilli_A	0	0	0	0	14	6	0	0	0	0
Cyanobacteriota;c__Vampirovibrionia	78	277	0	482	0	17	0	172	0	208
Proteobacteria;c__Gammaproteobacteria	29710	2500	3128	34136	1508	117	400	204	12365	314
Actinobacteriota;c__Coriobacteriia	311	1174	1	1708	344	1233	470	499	30	473
Desulfobacterota;c__Desulfovibrionia	54	144	0	0	0	41	14	280	3	0
Verrucomicrobiota;c__Lentisphaeria	0	0	0	7	0	0	0	2	0	0
Firmicutes_C;c__Negativicutes	701	3497	1	5752	927	1091	882	589	25	898
Proteobacteria;c__Alphaproteobacteria	0	0	0	69	71	2	528	14	0	92
Campylobacterota;c__Campylobacteria	502	2008	0	18	175	269	10	109	4	634
Synergistota;c__Synergistia	0	0	0	0	0	78	0	0	0	2631
Euryarchaeota;c__Methanobacteria	41	59	0	0	7	43	16	10	0	103
Planctomycetota;c__Phycisphaerae	0	0	0	0	0	0	11	0	0	0
Deferribacterota;c__Deferribacteres	0	0	0	6	0	0	0	0	0	0
Elusimicrobiota;c__Elusimicrobia	0	3	0	0	0	0	0	0	0	0
Bdellovibrionota;c__Bacteriovoracia	0	0	0	0	8	0	0	0	0	0
Verrucomicrobiota;c__Verrucomicrobiae	118	0	0	1498	0	7	0	96	2	0
Firmicutes_A;Clostridia;o__Lachnospirales	2462	10147	0	175658	1871	4412	298	11244	148	286
Firmicutes;Bacilli;o__Lactobacillales	1535	1963	19458	8311	4065	296	1650	223	38586	52100
Firmicutes_A;Clostridia;o__Tissierellales	10016	32167	54	41	20246	53558	40250	17941	2127	7484
Firmicutes_A;Clostridia;o__Oscillospirales	2390	8086	0	153010	1036	2713	397	11031	249	144
Firmicutes_A;Clostridia;o__TANB77	55	72	0	810	10	40	0	94	1	0
Firmicutes_A;Clostridia;o__CAG-41	12	7	0	2175	0	12	0	53	0	0
Bacteroidota;Bacteroidia;o__Bacteroidales	4742	17158	13	41626	3212	4682	178	6848	395	1567
Firmicutes_A;Clostridia;o__Clostridiales	47	2216	0	25859	131	68	5	1099	5	20
Firmicutes;Bacilli;o__Bacillales	0	0	0	0	0	0	0	0	0	5
Fusobacteriota;Fusobacteriia;o__Fusobacteriales	0	33	0	2275	0	281	451	0	0	0
Actinobacteriota;Actinobacteria;o__Actinomycetales	2019	1511	42	42918	2964	1939	6621	4505	56	1291
Firmicutes;Bacilli;o__Staphylococcales	530	219	3320	139	1733	11	1076	47	140	772
Firmicutes;Bacilli_A;o__Paenibacillales	0	0	0	0	14	6	0	0	0	0
Cyanobacteriota;Vampirovibrionia;o__Gastranaerophilales	78	277	0	482	0	17	0	172	0	208
Actinobacteriota;Actinobacteria;o__Corynebacteriales	23	1556	11	20	16021	509	23061	1981	4	2289
Proteobacteria;Gammaproteobacteria;o__Betaproteobacteriales	230	223	2	2718	319	109	58	157	57	31
Actinobacteriota;Coriobacteriia;o__Coriobacteriales	311	1174	1	1708	344	1233	470	499	30	473
Desulfobacterota;Desulfovibrionia;o__Desulfovibrionales	54	144	0	0	0	41	14	280	3	0
Verrucomicrobiota;Lentisphaeria;o__UBA1784	0	0	0	7	0	0	0	2	0	0
Firmicutes_C;Negativicutes;o__Veillonellales	669	2728	1	3989	845	893	854	276	25	857
Proteobacteria;Alphaproteobacteria;o__Caulobacterales	0	0	0	0	13	0	63	0	0	33
Proteobacteria;Gammaproteobacteria;o__Xanthomonadales	0	0	0	0	7	0	59	0	0	6
Proteobacteria;Alphaproteobacteria;o__Sphingomonadales	0	0	0	0	40	0	223	0	0	14
Campylobacterota;Campylobacteria;o__Campylobacterales	502	2008	0	18	175	269	10	109	4	634
Proteobacteria;Gammaproteobacteria;o__Enterobacterales	29480	2275	3126	31414	1097	0	61	47	12307	56
Firmicutes;Bacilli;o__Erysipelotrichales	452	3483	0	8053	665	344	289	1567	0	3
Proteobacteria;Gammaproteobacteria;o__Pseudomonadales	0	2	0	4	76	8	222	0	1	221
Synergistota;Synergistia;o__Synergistales	0	0	0	0	0	78	0	0	0	2631
Firmicutes_A;Clostridia;o__Peptostreptococcales	4866	2100	3	21608	1500	1202	14	1650	1719	1226
Firmicutes_C;Negativicutes;o__Selenomonadales	7	658	0	1214	82	0	24	0	0	0
Proteobacteria;Alphaproteobacteria;o__Rhizobiales	0	0	0	0	18	0	12	0	0	35
Actinobacteriota;Actinobacteria;o__Propionibacteriales	0	0	0	0	0	0	6	0	0	0
Firmicutes;Bacilli;o__RF39	2	29	0	14	0	14	6	44	0	0
Firmicutes_A;Clostridia;o__Eubacteriales	3	0	0	0	0	3	0	0	0	226
Proteobacteria;Alphaproteobacteria;o__Rhodobacterales	0	0	0	9	0	2	227	0	0	10
Firmicutes_C;Negativicutes;o__Acidaminococcales	25	111	0	549	0	198	4	313	0	41
Euryarchaeota;Methanobacteria;o__Methanobacteriales	41	59	0	0	7	43	16	10	0	103
Firmicutes;Bacilli;o__Haloplasmatales	0	23	0	3861	73	1	0	76	0	0
Proteobacteria;Alphaproteobacteria;o__RF32	0	0	0	58	0	0	0	14	0	0
Firmicutes;Bacilli;o__Acholeplasmatales	0	0	0	3	0	0	0	0	0	0
Proteobacteria;Alphaproteobacteria;o__Acetobacterales	0	0	0	0	0	0	3	0	0	0
Firmicutes_A;Clostridia;o__Acetivibrionales	0	0	0	0	0	0	0	20	0	0
Planctomycetota;Phycisphaerae;o__Phycisphaerales	0	0	0	0	0	0	11	0	0	0
Deferribacterota;Deferribacteres;o__Deferribacterales	0	0	0	6	0	0	0	0	0	0
Elusimicrobiota;Elusimicrobia;o__Elusimicrobiales	0	3	0	0	0	0	0	0	0	0
Firmicutes_A;Clostridia;o__Saccharofermentanales	0	0	0	0	0	162	184	0	0	0
Firmicutes_A;Clostridia;o__4C28d-15	0	11	0	0	0	0	0	0	0	0
Proteobacteria;Alphaproteobacteria;o__Azospirillales	0	0	0	2	0	0	0	0	0	0
Bacteroidota;Bacteroidia;o__Flavobacteriales	0	0	0	2	374	1	15	11	0	32
Firmicutes_A;Clostridia;o__Christensenellales	4	14	0	0	0	0	0	28	0	8
Bdellovibrionota;Bacteriovoracia;o__Bacteriovoracales	0	0	0	0	8	0	0	0	0	0
Bacteroidota;Bacteroidia;o__Sphingobacteriales	0	0	0	0	0	0	23	0	0	0
Firmicutes;Bacilli;o__RFN20	0	9	0	0	0	0	0	0	0	0
Verrucomicrobiota;Verrucomicrobiae;o__Verrucomicrobiales	118	0	0	1498	0	7	0	96	2	0
Firmicutes;Bacilli;o__Mycoplasmatales	0	0	0	0	0	0	67	0	0	88
Firmicutes_A;Clostridia;Lachnospirales;f__Lachnospiraceae	2421	10134	0	175500	1871	4370	298	11223	148	283
Firmicutes;Bacilli;Lactobacillales;f__Streptococcaceae	689	99	13262	7362	103	55	732	11	38173	93
Firmicutes_A;Clostridia;Tissierellales;f__Helcococcaceae	3369	21587	45	33	12618	31225	33685	8034	1291	2476
Firmicutes_A;Clostridia;Oscillospirales;f__Ruminococcaceae	1552	5358	0	113523	884	2195	247	7135	229	100
Firmicutes_A;Clostridia;TANB77;f__CAG-508	55	72	0	810	10	40	0	94	1	0
Firmicutes_A;Clostridia;CAG-41;f__UBA1381	12	7	0	2175	0	12	0	53	0	0
Bacteroidota;Bacteroidia;Bacteroidales;f__Tannerellaceae	0	8	0	952	0	9	0	63	12	0
Firmicutes_A;Clostridia;Clostridiales;f__Clostridiaceae	47	2216	0	25813	131	68	5	1099	5	20
Firmicutes;Bacilli;Bacillales;f__Bacillaceae_G	0	0	0	0	0	0	0	0	0	5
Fusobacteriota;Fusobacteriia;Fusobacteriales;f__Leptotrichiaceae	0	0	0	0	0	281	388	0	0	0
Firmicutes;Bacilli;Lactobacillales;f__Enterococcaceae	344	27	4344	527	0	56	32	4	371	0
Firmicutes_A;Clostridia;Tissierellales;f__Peptoniphilaceae	3283	8421	7	8	6041	21048	6530	5303	764	4081
Actinobacteriota;Actinobacteria;Actinomycetales;f__Microbacteriaceae	0	0	0	0	58	0	41	0	0	17
Firmicutes_A;Clostridia;Oscillospirales;f__Oscillospiraceae	167	1143	0	3362	30	155	73	1227	7	35
Actinobacteriota;Actinobacteria;Actinomycetales;f__Actinomycetaceae	542	690	15	31	96	167	1250	425	13	1039
Actinobacteriota;Actinobacteria;Actinomycetales;f__Brevibacteriaceae	0	0	0	0	513	3	15	8	0	101
Bacteroidota;Bacteroidia;Bacteroidales;f__Porphyromonadaceae	402	225	0	0	179	892	0	514	3	190
Firmicutes;Bacilli;Staphylococcales;f__Staphylococcaceae	530	217	3320	99	1733	11	1076	47	140	763
Firmicutes;Bacilli_A;Paenibacillales;f__Paenibacillaceae	0	0	0	0	14	6	0	0	0	0
Bacteroidota;Bacteroidia;Bacteroidales;f__Bacteroidaceae	4259	16839	13	30103	3033	3750	178	6095	380	1276
Firmicutes;Bacilli;Lactobacillales;f__Lactobacillaceae	465	1635	1851	421	350	69	159	167	20	51891
Cyanobacteriota;Vampirovibrionia;Gastranaerophilales;f__Gastranaerophilaceae	78	277	0	482	0	17	0	172	0	208
Actinobacteriota;Actinobacteria;Corynebacteriales;f__Corynebacteriaceae	23	1556	11	20	16021	509	23061	1981	4	2289
Proteobacteria;Gammaproteobacteria;Betaproteobacteriales;f__Burkholderiaceae	229	223	2	2661	319	109	47	157	55	31
Actinobacteriota;Coriobacteriia;Coriobacteriales;f__Eggerthellaceae	19	161	0	178	71	75	17	107	3	0
Actinobacteriota;Coriobacteriia;Coriobacteriales;f__Coriobacteriaceae	259	943	0	1527	252	232	29	388	21	10
Desulfobacterota;Desulfovibrionia;Desulfovibrionales;f__Desulfovibrionaceae	54	144	0	0	0	41	14	280	3	0
Actinobacteriota;Coriobacteriia;Coriobacteriales;f__Atopobiaceae	33	66	1	3	4	910	390	4	6	458
Verrucomicrobiota;Lentisphaeria;UBA1784;f__GWF2-45-14	0	0	0	7	0	0	0	2	0	0
Actinobacteriota;Actinobacteria;Actinomycetales;f__Dermabacteraceae	0	0	0	0	249	1	177	37	0	0
Firmicutes_C;Negativicutes;Veillonellales;f__Megasphaeraceae	32	145	0	571	48	367	155	2	0	334
Proteobacteria;Alphaproteobacteria;Caulobacterales;f__Caulobacteraceae	0	0	0	0	13	0	63	0	0	33
Proteobacteria;Gammaproteobacteria;Xanthomonadales;f__Xanthomonadaceae	0	0	0	0	7	0	59	0	0	6
Fusobacteriota;Fusobacteriia;Fusobacteriales;f__Fusobacteriaceae	0	33	0	2275	0	0	63	0	0	0
Proteobacteria;Alphaproteobacteria;Sphingomonadales;f__Sphingomonadaceae	0	0	0	0	40	0	223	0	0	14
Firmicutes_C;Negativicutes;Veillonellales;f__Dialisteraceae	631	2230	1	3032	342	231	216	226	7	509
Campylobacterota;Campylobacteria;Campylobacterales;f__Campylobacteraceae	502	2008	0	7	175	269	10	109	4	634
Proteobacteria;Gammaproteobacteria;Enterobacterales;f__Enterobacteriaceae	29477	44	3126	26858	22	0	4	30	12307	6
Firmicutes;Bacilli;Erysipelotrichales;f__Erysipelotrichaceae	13	2526	0	1412	352	69	251	721	0	3
Proteobacteria;Gammaproteobacteria;Enterobacterales;f__Pasteurellaceae	0	0	0	3405	34	0	10	0	0	3
Proteobacteria;Gammaproteobacteria;Pseudomonadales;f__Moraxellaceae	0	2	0	2	76	8	0	0	1	214
Synergistota;Synergistia;Synergistales;f__Dethiosulfovibrionaceae	0	0	0	0	0	78	0	0	0	2631
Firmicutes_A;Clostridia;Oscillospirales;f__DTU089	588	995	0	32786	84	211	69	1976	8	9
Campylobacterota;Campylobacteria;Campylobacterales;f__Helicobacteraceae	0	0	0	11	0	0	0	0	0	0
Proteobacteria;Gammaproteobacteria;Betaproteobacteriales;f__Neisseriaceae	1	0	0	55	0	0	11	0	2	0
Firmicutes_A;Clostridia;Lachnospirales;f__Anaerotignaceae	19	13	0	158	0	16	0	21	0	3
Firmicutes;Bacilli;Lactobacillales;f__Aerococcaceae	37	202	1	1	3612	116	727	41	22	116
Firmicutes_C;Negativicutes;Selenomonadales;f__Selenomonadaceae	7	658	0	1214	82	0	24	0	0	0
Proteobacteria;Gammaproteobacteria;Enterobacterales;f__Succinivibrionaceae	0	2231	0	1055	1041	0	47	17	0	7
Proteobacteria;Alphaproteobacteria;Rhizobiales;f__Rhizobiaceae	0	0	0	0	18	0	12	0	0	25
Actinobacteriota;Actinobacteria;Propionibacteriales;f__Nocardioidaceae	0	0	0	0	0	0	6	0	0	0
Firmicutes;Bacilli;RF39;f__UBA660	2	29	0	14	0	14	6	44	0	0
Firmicutes_A;Clostridia;Peptostreptococcales;f__Anaerovoracaceae	689	832	0	236	57	503	9	915	11	1215
Actinobacteriota;Actinobacteria;Actinomycetales;f__Bifidobacteriaceae	1477	818	27	42739	646	1757	2843	4029	43	118
Firmicutes_A;Clostridia;Eubacteriales;f__Eubacteriaceae	3	0	0	0	0	3	0	0	0	226
Bacteroidota;Bacteroidia;Bacteroidales;f__Muribaculaceae	0	0	0	111	0	0	0	0	0	0
Proteobacteria;Alphaproteobacteria;Rhodobacterales;f__Rhodobacteraceae	0	0	0	9	0	2	227	0	0	10
Firmicutes_A;Clostridia;Peptostreptococcales;f__Peptostreptococcaceae	4177	1123	3	21372	1443	699	5	735	1708	11
Firmicutes;Bacilli;Erysipelotrichales;f__Erysipelatoclostridiaceae	439	957	0	6641	313	275	38	846	0	0
Firmicutes_A;Clostridia;Clostridiales;f__Savagellaceae	0	0	0	46	0	0	0	0	0	0
Bacteroidota;Bacteroidia;Bacteroidales;f__Rikenellaceae	59	3	0	8289	0	6	0	72	0	5
Firmicutes_A;Clostridia;Tissierellales;f__Ezakiellaceae	3364	2159	2	0	1429	1276	35	4604	72	814
Actinobacteriota;Actinobacteria;Actinomycetales;f__Micrococcaceae	0	3	0	148	1402	11	2295	6	0	16
Firmicutes_C;Negativicutes;Acidaminococcales;f__Acidaminococcaceae	25	111	0	549	0	198	4	313	0	41
Firmicutes_A;Clostridia;Oscillospirales;f__Butyricicoccaceae	54	91	0	3176	38	148	4	214	4	0
Euryarchaeota;Methanobacteria;Methanobacteriales;f__Methanobacteriaceae	41	59	0	0	7	43	16	10	0	103
Firmicutes;Bacilli;Haloplasmatales;f__Turicibacteraceae	0	23	0	3861	73	1	0	76	0	0
Proteobacteria;Alphaproteobacteria;RF32;f__CAG-239	0	0	0	58	0	0	0	14	0	0
Proteobacteria;Alphaproteobacteria;Rhizobiales;f__Xanthobacteraceae	0	0	0	0	0	0	0	0	0	10
Bacteroidota;Bacteroidia;Bacteroidales;f__Marinifilaceae	10	1	0	132	0	2	0	49	0	0
Proteobacteria;Alphaproteobacteria;Acetobacterales;f__Acetobacteraceae	0	0	0	0	0	0	3	0	0	0
Firmicutes_A;Clostridia;Acetivibrionales;f__Acetivibrionaceae	0	0	0	0	0	0	0	20	0	0
Firmicutes_C;Negativicutes;Veillonellales;f__Veillonellaceae	0	93	0	386	137	3	2	12	4	5
Firmicutes;Bacilli;Staphylococcales;f__Gemellaceae	0	2	0	40	0	0	0	0	0	9
Deferribacterota;Deferribacteres;Deferribacterales;f__Mucispirillaceae	0	0	0	6	0	0	0	0	0	0
Elusimicrobiota;Elusimicrobia;Elusimicrobiales;f__Elusimicrobiaceae	0	3	0	0	0	0	0	0	0	0
Proteobacteria;Gammaproteobacteria;Pseudomonadales;f__Pseudomonadaceae	0	0	0	2	0	0	222	0	0	7
Firmicutes_A;Clostridia;Saccharofermentanales;f__KA00274	0	0	0	0	0	141	177	0	0	0
Firmicutes;Bacilli;Bacillales;f__Bacillaceae	0	0	0	0	0	0	0	0	0	5
Proteobacteria;Gammaproteobacteria;Enterobacterales;f__Aeromonadaceae	0	0	0	69	0	0	0	0	0	36
Bacteroidota;Bacteroidia;Bacteroidales;f__UBA932	0	66	0	0	0	0	0	0	0	0
Firmicutes_A;Clostridia;4C28d-15;f__UBA1242	0	11	0	0	0	0	0	0	0	0
Proteobacteria;Alphaproteobacteria;Azospirillales;f__Azospirillaceae	0	0	0	2	0	0	0	0	0	0
Bacteroidota;Bacteroidia;Flavobacteriales;f__Weeksellaceae	0	0	0	2	374	1	15	11	0	32
Proteobacteria;Gammaproteobacteria;Enterobacterales;f__Vibrionaceae	0	0	0	0	0	0	0	0	0	4
Bacteroidota;Bacteroidia;Bacteroidales;f__Paludibacteraceae	0	0	0	3	0	0	0	0	0	0
Proteobacteria;Gammaproteobacteria;Betaproteobacteriales;f__Aquaspirillaceae	0	0	0	2	0	0	0	0	0	0
Firmicutes_A;Clostridia;Christensenellales;f__CAG-138	4	14	0	0	0	0	0	28	0	0
Bacteroidota;Bacteroidia;Bacteroidales;f__Coprobacteraceae	0	0	0	2036	0	0	0	0	0	0
Bdellovibrionota;Bacteriovoracia;Bacteriovoracales;f__Bacteriovoracaceae	0	0	0	0	8	0	0	0	0	0
Firmicutes_A;Clostridia;Christensenellales;f__Christensenellaceae	0	0	0	0	0	0	0	0	0	8
Bacteroidota;Bacteroidia;Sphingobacteriales;f__Sphingobacteriaceae	0	0	0	0	0	0	23	0	0	0
Verrucomicrobiota;Verrucomicrobiae;Verrucomicrobiales;f__Akkermansiaceae	118	0	0	1498	0	7	0	96	2	0
Firmicutes_A;Clostridia;Saccharofermentanales;f__Mageeibacillaceae	0	0	0	0	0	21	7	0	0	0
Firmicutes;Bacilli;Mycoplasmatales;f__Ureaplasmataceae	0	0	0	0	0	0	14	0	0	88
Firmicutes;Bacilli;Mycoplasmatales;f__Mycoplasmataceae_B	0	0	0	0	0	0	53	0	0	0
Firmicutes_A;Clostridia;Lachnospirales;Lachnospiraceae;g__Ruminococcus_B	122	1554	0	7532	396	757	3	766	1	5
Firmicutes;Bacilli;Lactobacillales;Streptococcaceae;g__Streptococcus	689	99	13262	7362	103	55	732	11	38173	93
Firmicutes_A;Clostridia;Tissierellales;Helcococcaceae;g__Murdochiella	173	617	0	0	39	62	0	846	9	0
Firmicutes_A;Clostridia;Lachnospirales;Lachnospiraceae;g__CAG-45	0	21	0	689	0	13	2	817	0	0
Firmicutes_A;Clostridia;Tissierellales;Helcococcaceae;g__Finegoldia	646	7359	24	15	6008	20565	20483	4351	680	1024
Firmicutes_A;Clostridia;Lachnospirales;Lachnospiraceae;g__Dorea	354	1715	0	7994	150	691	41	890	12	6
Firmicutes_A;Clostridia;Oscillospirales;Ruminococcaceae;g__Ruminiclostridium_E	0	17	0	495	0	215	0	42	0	0
Firmicutes_A;Clostridia;TANB77;CAG-508;g__CAG-354	55	72	0	810	10	40	0	94	1	0
Firmicutes_A;Clostridia;CAG-41;UBA1381;g__CAG-41	12	7	0	2175	0	12	0	53	0	0
Bacteroidota;Bacteroidia;Bacteroidales;Tannerellaceae;g__Parabacteroides	0	8	0	952	0	9	0	63	12	0
Firmicutes_A;Clostridia;Oscillospirales;Ruminococcaceae;g__Ruminococcus_C	27	408	0	8550	32	97	1	138	0	0
Firmicutes_A;Clostridia;Clostridiales;Clostridiaceae;g__Clostridium_P	0	623	0	10429	131	2	0	83	3	0
Firmicutes;Bacilli;Bacillales;Bacillaceae_G;g__Bacillus_A	0	0	0	0	0	0	0	0	0	5
Firmicutes_A;Clostridia;Lachnospirales;Lachnospiraceae;g__992a	96	18	0	9083	8	73	2	167	21	0
Firmicutes_A;Clostridia;Lachnospirales;Lachnospiraceae;g__CHKCI001	64	91	0	4731	54	143	0	28	7	4
Fusobacteriota;Fusobacteriia;Fusobacteriales;Leptotrichiaceae;g__Sneathia	0	0	0	0	0	281	388	0	0	0
Actinobacteriota;Actinobacteria;Actinomycetales;Microbacteriaceae;g__Cryobacterium	0	0	0	0	24	0	41	0	0	0
Firmicutes_A;Clostridia;Oscillospirales;Oscillospiraceae;g__Oscillibacter	65	338	0	1628	17	78	5	555	2	7
Firmicutes_A;Clostridia;Lachnospirales;Lachnospiraceae;g__Coprococcus	60	145	0	8493	66	143	0	399	2	11
Actinobacteriota;Actinobacteria;Actinomycetales;Actinomycetaceae;g__Varibaculum	98	20	15	0	11	118	0	220	7	557
Actinobacteriota;Actinobacteria;Actinomycetales;Brevibacteriaceae;g__Brevibacterium	0	0	0	0	513	3	15	8	0	101
Bacteroidota;Bacteroidia;Bacteroidales;Porphyromonadaceae;g__Porphyromonas	402	225	0	0	179	892	0	514	3	190
Firmicutes_A;Clostridia;Tissierellales;Peptoniphilaceae;g__Urinacoccus	4	67	0	0	281	713	36	81	4	209
Firmicutes;Bacilli;Staphylococcales;Staphylococcaceae;g__Staphylococcus	530	217	3320	99	1733	11	1076	47	140	763
Firmicutes;Bacilli_A;Paenibacillales;Paenibacillaceae;g__Paenibacillus_G	0	0	0	0	14	6	0	0	0	0
Firmicutes_A;Clostridia;Oscillospirales;Ruminococcaceae;g__Faecalibacterium	492	3851	0	73447	700	1335	160	4394	55	75
Bacteroidota;Bacteroidia;Bacteroidales;Bacteroidaceae;g__Prevotella	3008	16473	13	7759	3033	3649	178	5222	105	669
Firmicutes;Bacilli;Lactobacillales;Lactobacillaceae;g__Lactobacillus	465	1635	1851	421	350	69	159	167	20	51891
Firmicutes_A;Clostridia;Lachnospirales;Lachnospiraceae;g__Fusicatenibacter	188	167	0	17674	55	323	10	89	5	5
Firmicutes_A;Clostridia;Tissierellales;Peptoniphilaceae;g__Peptoniphilus_A	2241	6117	7	7	4853	15868	5667	3765	624	3139
Firmicutes_A;Clostridia;Tissierellales;Helcococcaceae;g__Anaerococcus	2243	13495	21	11	6130	8143	13136	2650	518	904
Cyanobacteriota;Vampirovibrionia;Gastranaerophilales;Gastranaerophilaceae;g__Zag111	0	68	0	0	0	17	0	0	0	0
Bacteroidota;Bacteroidia;Bacteroidales;Bacteroidaceae;g__UBA6382	0	43	0	0	0	0	0	8	0	0
Actinobacteriota;Actinobacteria;Corynebacteriales;Corynebacteriaceae;g__Corynebacterium	23	1497	9	20	15869	341	22913	1911	4	1996
Proteobacteria;Gammaproteobacteria;Betaproteobacteriales;Burkholderiaceae;g__Parasutterella	0	0	0	548	0	89	0	0	0	0
Firmicutes_A;Clostridia;Tissierellales;Peptoniphilaceae;g__Neofamilia	0	0	0	0	436	0	0	0	0	0
Actinobacteriota;Coriobacteriia;Coriobacteriales;Coriobacteriaceae;g__Collinsella	259	943	0	1527	252	232	29	388	21	10
Firmicutes_A;Clostridia;Tissierellales;Peptoniphilaceae;g__Peptoniphilus_C	650	1431	0	1	298	2437	822	844	46	220
Bacteroidota;Bacteroidia;Bacteroidales;Bacteroidaceae;g__Prevotellamassilia	0	545	0	1878	43	0	41	0	0	0
Actinobacteriota;Coriobacteriia;Coriobacteriales;Atopobiaceae;g__UBA1382	0	0	0	0	0	4	0	4	0	9
Verrucomicrobiota;Lentisphaeria;UBA1784;GWF2-45-14;g__GWF2-44-16	0	0	0	7	0	0	0	2	0	0
Actinobacteriota;Actinobacteria;Actinomycetales;Dermabacteraceae;g__Brachybacterium	0	0	0	0	20	0	38	15	0	0
Firmicutes_A;Clostridia;Tissierellales;Helcococcaceae;g__Lagierella	307	71	0	0	0	1675	0	16	48	20
Firmicutes_C;Negativicutes;Veillonellales;Megasphaeraceae;g__Megasphaera	0	118	0	571	48	0	72	0	0	0
Proteobacteria;Alphaproteobacteria;Caulobacterales;Caulobacteraceae;g__Brevundimonas	0	0	0	0	13	0	63	0	0	33
Proteobacteria;Gammaproteobacteria;Xanthomonadales;Xanthomonadaceae;g__Pseudoxanthomonas_A	0	0	0	0	0	0	0	0	0	6
Fusobacteriota;Fusobacteriia;Fusobacteriales;Fusobacteriaceae;g__Fusobacterium_A	0	0	0	2275	0	0	63	0	0	0
Campylobacterota;Campylobacteria;Campylobacterales;Campylobacteraceae;g__Campylobacter_B	502	2008	0	1	175	269	10	109	4	634
Proteobacteria;Gammaproteobacteria;Enterobacterales;Enterobacteriaceae;g__Escherichia	28792	44	3126	16950	0	0	4	30	12307	4
Firmicutes_A;Clostridia;Lachnospirales;Lachnospiraceae;g__Eubacterium_E	139	307	0	7265	40	120	6	1076	13	9
Firmicutes;Bacilli;Erysipelotrichales;Erysipelotrichaceae;g__Anaerorhabdus	0	0	0	21	0	0	0	0	0	0
Firmicutes;Bacilli;Lactobacillales;Lactobacillaceae;g__Lactobacillus_B	69	47	0	319	15	0	9	90	0	0
Firmicutes;Bacilli;Erysipelotrichales;Erysipelotrichaceae;g__Allobaculum	0	0	0	371	0	0	0	0	0	0
Proteobacteria;Gammaproteobacteria;Enterobacterales;Pasteurellaceae;g__Haemophilus_D	0	0	0	2028	34	0	10	0	0	3
Proteobacteria;Gammaproteobacteria;Pseudomonadales;Moraxellaceae;g__Acinetobacter	0	2	0	0	76	8	0	0	1	178
Synergistota;Synergistia;Synergistales;Dethiosulfovibrionaceae;g__Pyramidobacter	0	0	0	0	0	72	0	0	0	203
Firmicutes_A;Clostridia;Oscillospirales;DTU089;g__Eubacterium_R	4	95	0	176	0	0	0	34	0	0
Proteobacteria;Gammaproteobacteria;Xanthomonadales;Xanthomonadaceae;g__Luteimonas_A	0	0	0	0	0	0	4	0	0	0
Fusobacteriota;Fusobacteriia;Fusobacteriales;Fusobacteriaceae;g__Fusobacterium	0	33	0	2275	0	0	63	0	0	0
Campylobacterota;Campylobacteria;Campylobacterales;Helicobacteraceae;g__Helicobacter_B	0	0	0	11	0	0	0	0	0	0
Firmicutes_A;Clostridia;Clostridiales;Clostridiaceae;g__Clostridium	56	2359	0	26201	138	83	4	1147	7	33
Firmicutes_A;Clostridia;Oscillospirales;Ruminococcaceae;g__Ruminococcus_F	0	36	0	0	0	17	0	78	0	0
Bacteroidota;Bacteroidia;Bacteroidales;Bacteroidaceae;g__Bacteroides_A	0	14	0	841	0	0	0	330	0	0
Firmicutes_A;Clostridia;Lachnospirales;Lachnospiraceae;g__Blautia_A	641	3064	0	55848	531	1479	180	2814	48	39
Firmicutes_A;Clostridia;Lachnospirales;Anaerotignaceae;g__Anaerotignum	19	13	0	158	0	16	0	21	0	3
Firmicutes;Bacilli;Lactobacillales;Aerococcaceae;g__Aerococcus	0	0	0	0	5	19	140	6	0	0
Proteobacteria;Gammaproteobacteria;Enterobacterales;Enterobacteriaceae;g__Klebsiella_A	0	0	0	278	0	0	0	0	0	0
Firmicutes_C;Negativicutes;Veillonellales;Megasphaeraceae;g__Caecibacter	0	27	0	0	0	0	0	0	0	14
Firmicutes_C;Negativicutes;Selenomonadales;Selenomonadaceae;g__Megamonas	0	0	0	1214	0	0	0	0	0	0
Actinobacteriota;Actinobacteria;Actinomycetales;Actinomycetaceae;g__Actinomyces_B	76	5	0	31	51	2	0	1	6	31
Bacteroidota;Bacteroidia;Bacteroidales;Bacteroidaceae;g__Bacteroides	1230	323	0	21507	0	69	0	793	275	8
Firmicutes_A;Clostridia;Tissierellales;Helcococcaceae;g__Parvimonas	0	13	0	7	0	63	56	0	27	0
Firmicutes_A;Clostridia;Lachnospirales;Lachnospiraceae;g__GCA-900066135	12	25	0	880	0	9	0	95	0	0
Firmicutes_A;Clostridia;Lachnospirales;Lachnospiraceae;g__Roseburia	120	324	0	18868	154	102	30	803	5	0
Proteobacteria;Gammaproteobacteria;Enterobacterales;Succinivibrionaceae;g__Succinivibrio	0	2231	0	1055	1041	0	47	17	0	7
Proteobacteria;Alphaproteobacteria;Rhizobiales;Rhizobiaceae;g__Aquamicrobium	0	0	0	0	8	0	12	0	0	7
Firmicutes_A;Clostridia;Tissierellales;Peptoniphilaceae;g__Peptoniphilus	2906	8113	7	8	5324	19059	6489	5115	675	3872
Actinobacteriota;Actinobacteria;Propionibacteriales;Nocardioidaceae;g__Nocardioides	0	0	0	0	0	0	6	0	0	0
Firmicutes;Bacilli;RF39;UBA660;g__UBA660	0	0	0	0	0	0	0	7	0	0
Firmicutes_A;Clostridia;Peptostreptococcales;Anaerovoracaceae;g__Mogibacterium	182	465	0	0	29	258	0	292	10	527
Actinobacteriota;Actinobacteria;Actinomycetales;Bifidobacteriaceae;g__Bifidobacterium	1223	818	12	42738	646	1757	2843	4029	42	118
Actinobacteriota;Coriobacteriia;Coriobacteriales;Eggerthellaceae;g__DNF00809	0	0	0	0	0	13	8	0	0	0
Firmicutes_A;Clostridia;Lachnospirales;Lachnospiraceae;g__GCA-900066575	0	0	0	0	0	0	7	71	0	0
Firmicutes_A;Clostridia;Lachnospirales;Lachnospiraceae;g__CAG-81	38	65	0	1164	15	51	0	88	4	2
Firmicutes_A;Clostridia;Eubacteriales;Eubacteriaceae;g__Eubacterium_O	3	0	0	0	0	3	0	0	0	226
Proteobacteria;Alphaproteobacteria;Sphingomonadales;Sphingomonadaceae;g__Novosphingobium	0	0	0	0	0	0	0	0	0	11
Bacteroidota;Bacteroidia;Bacteroidales;Muribaculaceae;g__Muribaculum	0	0	0	111	0	0	0	0	0	0
Proteobacteria;Alphaproteobacteria;Rhizobiales;Rhizobiaceae;g__Aliihoeflea	0	0	0	0	10	0	0	0	0	0
Firmicutes_A;Clostridia;Peptostreptococcales;Anaerovoracaceae;g__Emergencia	0	1	0	118	0	0	0	5	0	0
Proteobacteria;Alphaproteobacteria;Rhodobacterales;Rhodobacteraceae;g__Paracoccus	0	0	0	9	0	2	227	0	0	10
Firmicutes_A;Clostridia;Peptostreptococcales;Peptostreptococcaceae;g__Romboutsia	75	307	0	8649	40	15	0	152	0	7
Cyanobacteriota;Vampirovibrionia;Gastranaerophilales;Gastranaerophilaceae;g__UBA2883	78	199	0	0	0	0	0	0	0	208
Firmicutes;Bacilli;Erysipelotrichales;Erysipelatoclostridiaceae;g__Catenibacterium	404	946	0	1951	313	0	38	840	0	0
Proteobacteria;Gammaproteobacteria;Pseudomonadales;Moraxellaceae;g__Psychrobacter	0	0	0	0	0	0	0	0	0	12
Firmicutes_A;Clostridia;Lachnospirales;Lachnospiraceae;g__Pseudobutyrivibrio	0	28	0	0	0	0	0	0	0	0
Firmicutes_A;Clostridia;Clostridiales;Savagellaceae;g__Savagella	0	0	0	46	0	0	0	0	0	0
Bacteroidota;Bacteroidia;Bacteroidales;Rikenellaceae;g__Alistipes_A	4	0	0	100	0	0	0	0	0	0
Firmicutes_A;Clostridia;Lachnospirales;Lachnospiraceae;g__Oribacterium	0	68	0	0	54	0	0	0	0	0
Synergistota;Synergistia;Synergistales;Dethiosulfovibrionaceae;g__Jonquetella	0	0	0	0	0	6	0	0	0	2428
Firmicutes_A;Clostridia;Tissierellales;Ezakiellaceae;g__Fenollaria	2607	1632	2	0	1069	259	19	4536	49	442
Firmicutes;Bacilli;Erysipelotrichales;Erysipelotrichaceae;g__Dubosiella	0	2136	0	990	248	69	238	720	0	3
Actinobacteriota;Actinobacteria;Actinomycetales;Micrococcaceae;g__Rothia	0	0	0	139	15	8	2260	0	0	0
Firmicutes;Bacilli;Lactobacillales;Lactobacillaceae;g__Lactobacillus_H	0	5	0	0	0	0	0	1	0	64
Actinobacteriota;Coriobacteriia;Coriobacteriales;Eggerthellaceae;g__Slackia_A	0	0	0	17	0	0	0	0	0	0
Firmicutes;Bacilli;Lactobacillales;Aerococcaceae;g__Facklamia	37	201	1	1	140	97	311	25	21	65
Proteobacteria;Alphaproteobacteria;Sphingomonadales;Sphingomonadaceae;g__Blastomonas	0	0	0	0	0	0	0	0	0	3
Proteobacteria;Gammaproteobacteria;Enterobacterales;Enterobacteriaceae;g__Citrobacter	685	0	0	1470	0	0	0	0	0	0
Proteobacteria;Gammaproteobacteria;Pseudomonadales;Moraxellaceae;g__Enhydrobacter	0	0	0	2	0	0	0	0	0	24
Actinobacteriota;Actinobacteria;Actinomycetales;Micrococcaceae;g__Pseudoglutamicibacter	0	0	0	0	355	0	0	0	0	10
Actinobacteriota;Coriobacteriia;Coriobacteriales;Eggerthellaceae;g__Senegalimassilia	0	101	0	85	53	45	9	29	3	0
Firmicutes;Bacilli;RF39;UBA660;g__CAG-302	0	18	0	0	0	0	0	27	0	0
Firmicutes_C;Negativicutes;Acidaminococcales;Acidaminococcaceae;g__Succiniclasticum	0	2	0	0	0	5	0	2	0	41
Firmicutes_A;Clostridia;Lachnospirales;Lachnospiraceae;g__Lachnospira	19	119	0	3823	119	83	0	290	0	0
Firmicutes_A;Clostridia;Lachnospirales;Lachnospiraceae;g__Lachnoanaerobaculum	0	0	0	0	0	0	0	0	0	4
Firmicutes_A;Clostridia;Lachnospirales;Lachnospiraceae;g__CAG-65	7	83	0	3912	0	43	0	435	3	0
Proteobacteria;Gammaproteobacteria;Enterobacterales;Enterobacteriaceae;g__Morganella	0	0	0	821	0	0	0	0	0	0
Firmicutes_A;Clostridia;Oscillospirales;Butyricicoccaceae;g__Agathobaculum	54	82	0	3176	38	125	4	214	4	0
Firmicutes_A;Clostridia;Tissierellales;Peptoniphilaceae;g__Peptoniphilus_B	12	119	0	0	27	282	0	109	3	404
Firmicutes_C;Negativicutes;Veillonellales;Dialisteraceae;g__Dialister	594	2127	1	3005	342	211	212	149	7	509
Firmicutes_A;Clostridia;Oscillospirales;Butyricicoccaceae;g__Intestinibacillus	0	9	0	0	0	23	0	0	0	0
Euryarchaeota;Methanobacteria;Methanobacteriales;Methanobacteriaceae;g__UBA419	24	0	0	0	0	0	0	0	0	0
Firmicutes;Bacilli;Haloplasmatales;Turicibacteraceae;g__Turicibacter	0	23	0	3861	73	1	0	76	0	0
Proteobacteria;Alphaproteobacteria;RF32;CAG-239;g__CAG-495	0	0	0	58	0	0	0	14	0	0
Actinobacteriota;Coriobacteriia;Coriobacteriales;Eggerthellaceae;g__Gordonibacter	0	0	0	14	0	0	0	0	0	0
Firmicutes_A;Clostridia;Tissierellales;Helcococcaceae;g__W5053	0	0	0	0	0	192	0	42	0	0
Firmicutes_A;Clostridia;Lachnospirales;Lachnospiraceae;g__CAG-24	48	22	0	2847	0	16	0	134	0	0
Firmicutes_A;Clostridia;Oscillospirales;Oscillospiraceae;g__Intestinimonas	0	129	0	142	0	2	0	150	0	0
Actinobacteriota;Coriobacteriia;Coriobacteriales;Atopobiaceae;g__Atopobium	3	0	0	0	4	0	0	0	3	10
Firmicutes;Bacilli;RF39;UBA660;g__CAG-877	2	4	0	0	0	14	6	0	0	0
Firmicutes_A;Clostridia;Oscillospirales;Oscillospiraceae;g__CAG-110	10	83	0	620	0	8	9	279	1	10
Proteobacteria;Alphaproteobacteria;Rhizobiales;Xanthobacteraceae;g__Ancylobacter	0	0	0	0	0	0	0	0	0	10
Firmicutes_A;Clostridia;Oscillospirales;Ruminococcaceae;g__Ruminococcus_D	1	0	0	1907	30	2	8	29	3	0
Actinobacteriota;Coriobacteriia;Coriobacteriales;Eggerthellaceae;g__Enterorhabdus	9	45	0	6	0	8	0	44	0	0
Firmicutes_A;Clostridia;Oscillospirales;DTU089;g__Ruminococcus_E	512	758	0	30984	75	171	63	1942	8	6
Firmicutes_A;Clostridia;Oscillospirales;Ruminococcaceae;g__Subdoligranulum	55	668	0	8019	114	228	58	692	16	0
Bacteroidota;Bacteroidia;Bacteroidales;Marinifilaceae;g__Odoribacter	6	1	0	132	0	2	0	40	0	0
Actinobacteriota;Actinobacteria;Actinomycetales;Actinomycetaceae;g__Actinomyces_C	10	0	0	0	0	17	0	0	0	0
Proteobacteria;Gammaproteobacteria;Betaproteobacteriales;Neisseriaceae;g__Neisseria	0	0	0	51	0	0	0	0	0	0
Actinobacteriota;Actinobacteria;Actinomycetales;Micrococcaceae;g__Kocuria	0	0	0	2	0	0	18	0	0	0
Proteobacteria;Alphaproteobacteria;Acetobacterales;Acetobacteraceae;g__Roseomonas	0	0	0	0	0	0	3	0	0	0
Firmicutes_A;Clostridia;Lachnospirales;Lachnospiraceae;g__CAG-56	52	13	0	363	0	55	0	85	0	0
Firmicutes_A;Clostridia;Peptostreptococcales;Peptostreptococcaceae;g__Intestinibacter	7	632	0	4051	51	1	0	383	0	4
Bacteroidota;Bacteroidia;Bacteroidales;Marinifilaceae;g__Butyricimonas	4	0	0	0	0	0	0	9	0	0
Cyanobacteriota;Vampirovibrionia;Gastranaerophilales;Gastranaerophilaceae;g__Zag1	0	78	0	427	0	17	0	172	0	0
Actinobacteriota;Coriobacteriia;Coriobacteriales;Atopobiaceae;g__Olegusella	23	9	1	0	0	906	390	0	3	439
Firmicutes;Bacilli;Erysipelotrichales;Erysipelatoclostridiaceae;g__Coprobacillus	33	0	0	5	0	0	0	2	0	0
Firmicutes_C;Negativicutes;Veillonellales;Veillonellaceae;g__Veillonella_A	0	93	0	0	127	3	2	12	4	0
Firmicutes_A;Clostridia;Oscillospirales;Oscillospiraceae;g__Clostridium_AJ	9	143	0	388	7	15	4	48	2	13
Euryarchaeota;Methanobacteria;Methanobacteriales;Methanobacteriaceae;g__Methanobrevibacter	17	59	0	0	7	43	16	10	0	103
Firmicutes;Bacilli;Lactobacillales;Aerococcaceae;g__Facklamia_A	0	10	0	0	13	3	0	0	0	38
Firmicutes;Bacilli;RF39;UBA660;g__CAG-878	0	7	0	0	0	0	0	0	0	0
Proteobacteria;Gammaproteobacteria;Xanthomonadales;Xanthomonadaceae;g__Luteimonas	0	0	0	0	7	0	46	0	0	0
Firmicutes;Bacilli;Staphylococcales;Gemellaceae;g__Gemella_A	0	2	0	40	0	0	0	0	0	9
Campylobacterota;Campylobacteria;Campylobacterales;Campylobacteraceae;g__Campylobacter_A	0	0	0	6	0	0	0	0	0	0
Proteobacteria;Alphaproteobacteria;Sphingomonadales;Sphingomonadaceae;g__Porphyrobacter_A	0	0	0	0	0	0	70	0	0	0
Firmicutes_A;Clostridia;Oscillospirales;Ruminococcaceae;g__Massilioclostridium	0	0	0	200	0	0	0	0	0	0
Deferribacterota;Deferribacteres;Deferribacterales;Mucispirillaceae;g__Mucispirillum	0	0	0	6	0	0	0	0	0	0
Firmicutes_A;Clostridia;Lachnospirales;Lachnospiraceae;g__Agathobacter	108	1157	0	13974	52	9	0	1248	0	24
Proteobacteria;Gammaproteobacteria;Betaproteobacteriales;Burkholderiaceae;g__Sutterella	222	41	2	2011	0	0	0	105	55	0
Firmicutes_A;Clostridia;Oscillospirales;DTU089;g__DTU053	53	142	0	1440	9	40	6	0	0	3
Actinobacteriota;Actinobacteria;Actinomycetales;Actinomycetaceae;g__Mobiluncus	358	192	0	0	7	25	8	201	0	439
Firmicutes_C;Negativicutes;Acidaminococcales;Acidaminococcaceae;g__Acidaminococcus	25	109	0	549	0	193	4	311	0	0
Proteobacteria;Gammaproteobacteria;Betaproteobacteriales;Burkholderiaceae;g__Pelistega	0	0	0	0	157	0	0	0	0	0
Elusimicrobiota;Elusimicrobia;Elusimicrobiales;Elusimicrobiaceae;g__UBA1436	0	3	0	0	0	0	0	0	0	0
Proteobacteria;Gammaproteobacteria;Pseudomonadales;Pseudomonadaceae;g__Pseudomonas_A	0	0	0	2	0	0	222	0	0	0
Bacteroidota;Bacteroidia;Bacteroidales;Rikenellaceae;g__Alistipes	59	3	0	8183	0	6	0	72	0	5
Firmicutes;Bacilli;Lactobacillales;Aerococcaceae;g__Dolosicoccus	0	0	0	0	189	0	39	0	0	1
Firmicutes_A;Clostridia;Saccharofermentanales;KA00274;g__KA00274	0	0	0	0	0	141	177	0	0	0
Firmicutes_C;Negativicutes;Veillonellales;Megasphaeraceae;g__Anaeroglobus	32	0	0	0	0	19	0	2	0	320
Firmicutes;Bacilli;Bacillales;Bacillaceae_G;g__Bacillus	0	0	0	0	0	0	0	0	0	5
Proteobacteria;Gammaproteobacteria;Enterobacterales;Aeromonadaceae;g__Aeromonas	0	0	0	69	0	0	0	0	0	36
Desulfobacterota;Desulfovibrionia;Desulfovibrionales;Desulfovibrionaceae;g__Desulfovibrio	0	144	0	0	0	0	14	200	0	0
Firmicutes_A;Clostridia;Peptostreptococcales;Peptostreptococcaceae;g__Paeniclostridium	0	26	0	6	0	0	5	5	0	0
Bacteroidota;Bacteroidia;Bacteroidales;Bacteroidaceae;g__Bacteroides_B	131	25	0	6804	0	18	0	189	183	0
Proteobacteria;Gammaproteobacteria;Pseudomonadales;Pseudomonadaceae;g__Pseudomonas_E	0	0	0	0	0	0	0	0	0	7
Firmicutes_A;Clostridia;Lachnospirales;Lachnospiraceae;g__Hungatella	95	0	0	0	0	0	0	0	0	0
Firmicutes;Bacilli;Erysipelotrichales;Erysipelatoclostridiaceae;g__Erysipelatoclostridium	2	11	0	4685	0	275	0	4	0	0
Firmicutes_A;Clostridia;Oscillospirales;Ruminococcaceae;g__Ruthenibacterium	1	4	0	21	0	0	0	1	0	8
Firmicutes_A;Clostridia;Lachnospirales;Lachnospiraceae;g__Blautia	641	3064	0	56602	540	1479	180	2814	48	39
Actinobacteriota;Actinobacteria;Actinomycetales;Micrococcaceae;g__Micrococcus	0	3	0	7	13	3	11	0	0	6
Bacteroidota;Bacteroidia;Bacteroidales;UBA932;g__RC9	0	66	0	0	0	0	0	0	0	0
Firmicutes_A;Clostridia;Oscillospirales;Ruminococcaceae;g__Bittarella	958	0	0	18429	0	81	0	597	155	17
Proteobacteria;Gammaproteobacteria;Enterobacterales;Pasteurellaceae;g__Haemophilus_A	0	0	0	1019	0	0	0	0	0	0
Firmicutes_A;Clostridia;4C28d-15;UBA1242;g__UBA4626	0	11	0	0	0	0	0	0	0	0
Proteobacteria;Alphaproteobacteria;Sphingomonadales;Sphingomonadaceae;g__Sphingomonas	0	0	0	0	40	0	153	0	0	0
Actinobacteriota;Actinobacteria;Actinomycetales;Dermabacteraceae;g__Dermabacter	0	0	0	0	83	1	139	22	0	0
Actinobacteriota;Actinobacteria;Corynebacteriales;Corynebacteriaceae;g__Lawsonella	0	59	2	0	138	160	148	70	0	293
Actinobacteriota;Coriobacteriia;Coriobacteriales;Eggerthellaceae;g__Eggerthella	0	0	0	56	0	0	0	0	0	0
Firmicutes_C;Negativicutes;Veillonellales;Dialisteraceae;g__Allisonella	0	103	0	27	0	10	0	20	0	0
Bacteroidota;Bacteroidia;Flavobacteriales;Weeksellaceae;g__Chryseobacterium_B	0	0	0	0	0	0	0	0	0	18
Actinobacteriota;Actinobacteria;Actinomycetales;Actinomycetaceae;g__Urmitella	0	471	0	0	0	0	0	0	0	0
Proteobacteria;Gammaproteobacteria;Xanthomonadales;Xanthomonadaceae;g__Lysobacter	0	0	0	0	0	0	13	0	0	0
Proteobacteria;Gammaproteobacteria;Enterobacterales;Vibrionaceae;g__Vibrio	0	0	0	0	0	0	0	0	0	4
Bacteroidota;Bacteroidia;Bacteroidales;Paludibacteraceae;g__F0058	0	0	0	3	0	0	0	0	0	0
Firmicutes_C;Negativicutes;Veillonellales;Veillonellaceae;g__Veillonella	0	93	0	386	137	3	2	12	4	5
Firmicutes_C;Negativicutes;Selenomonadales;Selenomonadaceae;g__Mitsuokella	0	209	0	0	0	0	20	0	0	0
Proteobacteria;Gammaproteobacteria;Betaproteobacteriales;Burkholderiaceae;g__Dakarella	4	0	0	0	0	0	0	0	0	18
Proteobacteria;Gammaproteobacteria;Betaproteobacteriales;Aquaspirillaceae;g__Microvirgula	0	0	0	2	0	0	0	0	0	0
Firmicutes_A;Clostridia;Christensenellales;CAG-138;g__PeH17	4	14	0	0	0	0	0	28	0	0
Bacteroidota;Bacteroidia;Bacteroidales;Coprobacteraceae;g__Coprobacter	0	0	0	2036	0	0	0	0	0	0
Euryarchaeota;Methanobacteria;Methanobacteriales;Methanobacteriaceae;g__Methanobrevibacter_A	17	59	0	0	7	23	16	10	0	103
Firmicutes_A;Clostridia;Christensenellales;Christensenellaceae;g__Christensenella	0	0	0	0	0	0	0	0	0	8
Bacteroidota;Bacteroidia;Flavobacteriales;Weeksellaceae;g__Empedobacter	0	0	0	0	0	0	0	0	0	14
Firmicutes_A;Clostridia;Peptostreptococcales;Anaerovoracaceae;g__Eubacterium_A	0	0	0	0	0	2	0	0	0	43
Actinobacteriota;Actinobacteria;Actinomycetales;Bifidobacteriaceae;g__Alloscardovia	254	0	15	1	0	0	0	0	1	0
Firmicutes_A;Clostridia;Tissierellales;Ezakiellaceae;g__Ezakiella	757	527	0	0	360	1017	16	68	23	372
Firmicutes_A;Clostridia;Peptostreptococcales;Peptostreptococcaceae;g__Terrisporobacter	4095	158	3	4134	1139	683	0	195	1708	0
Proteobacteria;Gammaproteobacteria;Betaproteobacteriales;Burkholderiaceae;g__Massilia	0	0	0	0	4	0	12	0	0	0
Firmicutes_C;Negativicutes;Veillonellales;Megasphaeraceae;g__28L	0	0	0	0	0	348	83	0	0	0
Actinobacteriota;Actinobacteria;Actinomycetales;Actinomycetaceae;g__Arcanobacterium_A	0	0	0	0	0	2	0	3	0	0
Firmicutes_A;Clostridia;Tissierellales;Helcococcaceae;g__Levyella	0	0	0	0	370	389	10	2	9	40
Proteobacteria;Gammaproteobacteria;Betaproteobacteriales;Burkholderiaceae;g__Delftia	0	0	0	0	21	0	9	0	0	7
Firmicutes_A;Clostridia;Oscillospirales;Oscillospiraceae;g__Flavonifractor	2	17	0	0	0	0	0	38	0	0
Firmicutes_A;Clostridia;Oscillospirales;Ruminococcaceae;g__Fournierella	0	30	0	0	0	29	3	164	0	0
Firmicutes_A;Clostridia;Peptostreptococcales;Anaerovoracaceae;g__Eubacterium_B	0	0	0	0	0	0	0	0	0	21
Bacteroidota;Bacteroidia;Bacteroidales;Rikenellaceae;g__Tidjanibacter	0	0	0	106	0	0	0	0	0	0
Bacteroidota;Bacteroidia;Sphingobacteriales;Sphingobacteriaceae;g__Pedobacter	0	0	0	0	0	0	23	0	0	0
Bacteroidota;Bacteroidia;Flavobacteriales;Weeksellaceae;g__Chryseobacterium_D	0	0	0	2	245	0	3	0	0	0
Actinobacteriota;Coriobacteriia;Coriobacteriales;Atopobiaceae;g__Libanicoccus	0	50	0	0	0	0	0	0	0	0
Firmicutes_A;Clostridia;Tissierellales;Helcococcaceae;g__Ndongobacter	0	0	0	0	0	22	0	5	0	102
Actinobacteriota;Actinobacteria;Actinomycetales;Micrococcaceae;g__Arthrobacter_D	0	0	0	0	1019	0	6	6	0	0
Bacteroidota;Bacteroidia;Bacteroidales;Tannerellaceae;g__Parabacteroides_A	0	0	0	49	0	0	0	0	0	0
Proteobacteria;Gammaproteobacteria;Betaproteobacteriales;Burkholderiaceae;g__CAG-521	0	0	0	98	0	0	0	0	0	0
Firmicutes_A;Clostridia;Clostridiales;Clostridiaceae;g__Proteiniclasticum	0	0	0	0	0	0	5	0	0	0
Verrucomicrobiota;Verrucomicrobiae;Verrucomicrobiales;Akkermansiaceae;g__Akkermansia	118	0	0	1498	0	7	0	96	2	0
Proteobacteria;Gammaproteobacteria;Betaproteobacteriales;Burkholderiaceae;g__Variovorax	0	0	0	0	0	0	9	0	0	0
Firmicutes_C;Negativicutes;Selenomonadales;Selenomonadaceae;g__Selenomonas_A	0	196	0	0	8	0	0	0	0	0
Firmicutes_A;Clostridia;Peptostreptococcales;Anaerovoracaceae;g__UBA1191	2	27	0	23	0	12	0	29	0	10
Firmicutes_A;Clostridia;Saccharofermentanales;Mageeibacillaceae;g__Mageeibacillus	0	0	0	0	0	21	7	0	0	0
Cyanobacteriota;Vampirovibrionia;Gastranaerophilales;Gastranaerophilaceae;g__CAG-306	0	0	0	55	0	0	0	0	0	0
Actinobacteriota;Actinobacteria;Actinomycetales;Actinomycetaceae;g__Trueperella	0	2	0	0	27	0	0	0	0	0
Proteobacteria;Alphaproteobacteria;Sphingomonadales;Sphingomonadaceae;g__Sphingomonas_E	0	0	0	0	0	0	10	0	0	0
Firmicutes_A;Clostridia;Lachnospirales;Lachnospiraceae;g__Ruminococcus	679	2780	0	48973	533	1044	75	2953	12	11
Firmicutes;Bacilli;Mycoplasmatales;Ureaplasmataceae;g__Ureaplasma	0	0	0	0	0	0	14	0	0	88
Bacteroidota;Bacteroidia;Bacteroidales;Bacteroidaceae;g__Paraprevotella	21	0	0	0	0	0	0	72	0	0
Proteobacteria;Gammaproteobacteria;Betaproteobacteriales;Neisseriaceae;g__Morococcus	0	0	0	0	0	0	10	0	0	0
Actinobacteriota;Coriobacteriia;Coriobacteriales;Atopobiaceae;g__Olsenella	7	7	0	3	0	0	0	0	0	0
Firmicutes;Bacilli;Erysipelotrichales;Erysipelotrichaceae;g__Eubacterium_D	10	0	0	30	0	0	0	1	0	0
Firmicutes_A;Clostridia;Lachnospirales;Lachnospiraceae;g__TF01-11	0	0	0	1203	0	0	0	0	0	0
Firmicutes;Bacilli;Mycoplasmatales;Mycoplasmataceae_B;g__Mycoplasma_D	0	0	0	0	0	0	53	0	0	0
Bacteroidota;Bacteroidia;Flavobacteriales;Weeksellaceae;g__Vaginella	0	0	0	0	129	1	0	11	0	0
Bacteroidota;Bacteroidia;Bacteroidales;Bacteroidaceae;g__Phocaeicola	0	0	0	0	0	0	0	0	0	95
Actinobacteriota;Coriobacteriia;Coriobacteriales;Eggerthellaceae;g__Slackia	6	0	0	17	10	5	0	6	0	0
Firmicutes_A;Clostridia;Tissierellales;Helcococcaceae;g__Helcococcus	0	0	0	0	52	0	0	0	0	0
Firmicutes_A;Clostridia;Tissierellales;Helcococcaceae;Murdochiella;s__Murdochiella_massiliensis(RS_GCF_900059565.1)	173	617	0	0	39	62	0	846	9	0
Firmicutes_A;Clostridia;Lachnospirales;Lachnospiraceae;CAG-45;s__(GB_GCA_900066395.1)	0	21	0	689	0	13	2	817	0	0
Firmicutes_A;Clostridia;Oscillospirales;Ruminococcaceae;Ruminiclostridium_E;s__Ruminiclostridium_E_siraeum(RS_GCF_001404415.1)	0	17	0	495	0	215	0	42	0	0
Firmicutes_A;Clostridia;TANB77;CAG-508;CAG-354;s__(GB_GCA_000437455.1)	55	72	0	810	10	40	0	94	1	0
Firmicutes_A;Clostridia;CAG-41;UBA1381;CAG-41;s__CAG-41_sp1(GB_GCA_900066215.1)	12	7	0	2175	0	12	0	53	0	0
Bacteroidota;Bacteroidia;Bacteroidales;Tannerellaceae;Parabacteroides;s__Parabacteroides_merdae(RS_GCF_000307345.1)	0	0	0	802	0	9	0	40	12	0
Firmicutes_A;Clostridia;Clostridiales;Clostridiaceae;Clostridium_P;s__Clostridium_P_ventriculi(RS_GCF_001485185.1)	0	590	0	10353	0	2	0	80	3	0
Firmicutes_A;Clostridia;Lachnospirales;Lachnospiraceae;992a;s__(RS_GCF_001940245.1)	96	18	0	9083	8	73	2	167	21	0
Firmicutes_A;Clostridia;Lachnospirales;Lachnospiraceae;CHKCI001;s__(RS_GCF_900045905.1)	64	91	0	4731	54	143	0	28	7	4
Fusobacteriota;Fusobacteriia;Fusobacteriales;Leptotrichiaceae;Sneathia;s__Sneathia_sanguinegens(RS_GCF_001517935.1)	0	0	0	0	0	263	244	0	0	0
Firmicutes_A;Clostridia;Oscillospirales;Oscillospiraceae;Oscillibacter;s__Oscillibacter_ruminantium(RS_GCF_000307265.1)	28	81	0	223	0	20	0	8	2	0
Firmicutes_A;Clostridia;Lachnospirales;Lachnospiraceae;Coprococcus;s__Coprococcus_eutactus(RS_GCF_000154425.1)	7	39	0	8493	44	106	0	396	0	11
Firmicutes_A;Clostridia;Lachnospirales;Lachnospiraceae;Dorea;s__(GB_GCA_900066555.1)	8	26	0	43	20	18	0	16	0	0
Firmicutes_A;Clostridia;Lachnospirales;Lachnospiraceae;Ruminococcus_B;s__Ruminococcus_B_faecis(RS_GCF_001406755.1)	105	1210	0	5299	360	652	3	762	0	5
Firmicutes_A;Clostridia;Lachnospirales;Lachnospiraceae;Ruminococcus_B;s__Ruminococcus_B_gnavus(RS_GCF_000526735.1)	5	143	0	111	0	0	0	0	0	0
Bacteroidota;Bacteroidia;Bacteroidales;Porphyromonadaceae;Porphyromonas;s__Porphyromonas_uenonis(RS_GCF_000482365.1)	120	0	0	0	0	29	0	11	0	20
Firmicutes_A;Clostridia;Tissierellales;Peptoniphilaceae;Urinacoccus;s__(RS_GCF_000221565.1)	4	67	0	0	281	713	36	81	4	209
Firmicutes;Bacilli_A;Paenibacillales;Paenibacillaceae;Paenibacillus_G;s__Paenibacillus_G_tyrfis(RS_GCF_900188505.1)	0	0	0	0	14	6	0	0	0	0
Bacteroidota;Bacteroidia;Bacteroidales;Bacteroidaceae;Prevotella;s__Prevotella_sp17(RS_GCF_000834015.1)	0	12	0	0	0	0	0	0	0	0
Firmicutes;Bacilli;Lactobacillales;Lactobacillaceae;Lactobacillus;s__Lactobacillus_iners(RS_GCF_000177755.1)	396	0	0	44	320	69	142	76	0	2416
Firmicutes_A;Clostridia;Lachnospirales;Lachnospiraceae;Fusicatenibacter;s__Fusicatenibacter_saccharivorans(RS_GCF_001405555.1)	188	167	0	17674	55	323	10	89	5	5
Firmicutes_A;Clostridia;Tissierellales;Peptoniphilaceae;Peptoniphilus_A;s__(RS_GCF_001553125.1)	2132	255	5	0	604	8357	103	2080	432	780
Firmicutes_A;Clostridia;Tissierellales;Helcococcaceae;Anaerococcus;s__(RS_GCF_001811125.1)	1836	1658	2	11	80	4640	9422	3	392	0
Cyanobacteriota;Vampirovibrionia;Gastranaerophilales;Gastranaerophilaceae;Zag111;s__(GB_GCA_001899395.1)	0	68	0	0	0	17	0	0	0	0
Bacteroidota;Bacteroidia;Bacteroidales;Bacteroidaceae;UBA6382;s__UBA6382_sp4(GB_GCA_002437625.1)	0	43	0	0	0	0	0	8	0	0
Proteobacteria;Gammaproteobacteria;Betaproteobacteriales;Burkholderiaceae;Parasutterella;s__(GB_GCA_000980495.1)	0	0	0	548	0	89	0	0	0	0
Firmicutes_A;Clostridia;Tissierellales;Peptoniphilaceae;Neofamilia;s__Neofamilia_massiliensis(RS_GCF_001299475.1)	0	0	0	0	436	0	0	0	0	0
Actinobacteriota;Coriobacteriia;Coriobacteriales;Coriobacteriaceae;Collinsella;s__Collinsella_aerofaciens_A(RS_GCF_002736145.1)	259	943	0	1527	252	232	29	388	21	10
Firmicutes_A;Clostridia;Tissierellales;Peptoniphilaceae;Peptoniphilus_C;s__Peptoniphilus_C_coxii(RS_GCF_001553115.1)	19	225	0	0	73	51	498	183	5	0
Firmicutes_A;Clostridia;Tissierellales;Peptoniphilaceae;Peptoniphilus_C;s__Peptoniphilus_C_urinimassiliensis(RS_GCF_900155585.1)	631	1206	0	1	225	2386	324	661	41	220
Firmicutes_A;Clostridia;Oscillospirales;Ruminococcaceae;Ruminococcus_C;s__Ruminococcus_C_callidus(RS_GCF_000468015.1)	7	397	0	0	0	97	1	138	0	0
Bacteroidota;Bacteroidia;Bacteroidales;Bacteroidaceae;Prevotellamassilia;s__Prevotellamassilia_timonensis(RS_GCF_900106785.1)	0	545	0	1878	43	0	41	0	0	0
Actinobacteriota;Coriobacteriia;Coriobacteriales;Atopobiaceae;UBA1382;s__(RS_GCF_002159625.1)	0	0	0	0	0	4	0	4	0	9
Verrucomicrobiota;Lentisphaeria;UBA1784;GWF2-45-14;GWF2-44-16;s__(GB_GCA_001803225.1)	0	0	0	7	0	0	0	2	0	0
Actinobacteriota;Actinobacteria;Actinomycetales;Dermabacteraceae;Brachybacterium;s__Brachybacterium_muris(RS_GCF_000338055.1)	0	0	0	0	0	0	38	8	0	0
Firmicutes_A;Clostridia;Tissierellales;Helcococcaceae;Lagierella;s__Lagierella_massiliensis(RS_GCF_001407835.1)	307	71	0	0	0	1675	0	16	48	20
Bacteroidota;Bacteroidia;Bacteroidales;Bacteroidaceae;Prevotella;s__Prevotella_bergensis(RS_GCF_000160535.1)	0	3	0	0	0	9	0	0	0	0
Proteobacteria;Gammaproteobacteria;Xanthomonadales;Xanthomonadaceae;Pseudoxanthomonas_A;s__(RS_GCF_900109775.1)	0	0	0	0	0	0	0	0	0	6
Firmicutes_A;Clostridia;Tissierellales;Helcococcaceae;Anaerococcus;s__Anaerococcus_mediterraneensis(RS_GCF_900128415.1)	336	242	1	0	1630	1226	29	711	28	99
Fusobacteriota;Fusobacteriia;Fusobacteriales;Fusobacteriaceae;Fusobacterium_A;s__(RS_GCF_900015295.1)	0	0	0	492	0	0	0	0	0	0
Campylobacterota;Campylobacteria;Campylobacterales;Campylobacteraceae;Campylobacter_B;s__Campylobacter_B_gracilis(RS_GCF_000175875.1)	0	0	0	0	49	0	0	0	0	0
Firmicutes_A;Clostridia;Lachnospirales;Lachnospiraceae;Eubacterium_E;s__Eubacterium_E_hallii(RS_GCF_000173975.1)	77	169	0	5967	20	64	3	884	10	9
Firmicutes;Bacilli;Erysipelotrichales;Erysipelotrichaceae;Anaerorhabdus;s__Anaerorhabdus_furcosa(RS_GCF_900167375.1)	0	0	0	21	0	0	0	0	0	0
Firmicutes;Bacilli;Erysipelotrichales;Erysipelotrichaceae;Allobaculum;s__Allobaculum_stercoricanis(RS_GCF_000384195.1)	0	0	0	371	0	0	0	0	0	0
Firmicutes_A;Clostridia;Tissierellales;Helcococcaceae;Anaerococcus;s__Anaerococcus_rubeinfantis(RS_GCF_001487145.1)	0	33	0	0	0	19	0	0	0	0
Synergistota;Synergistia;Synergistales;Dethiosulfovibrionaceae;Pyramidobacter;s__(RS_GCF_002007215.1)	0	0	0	0	0	72	0	0	0	203
Firmicutes_A;Clostridia;Oscillospirales;DTU089;Eubacterium_R;s__Eubacterium_R_sp2(GB_GCA_000980395.1)	4	95	0	176	0	0	0	34	0	0
Campylobacterota;Campylobacteria;Campylobacterales;Helicobacteraceae;Helicobacter_B;s__Helicobacter_B_canis(RS_GCF_000507865.1)	0	0	0	11	0	0	0	0	0	0
Bacteroidota;Bacteroidia;Bacteroidales;Bacteroidaceae;Prevotella;s__Prevotella_copri_A(RS_GCF_002224675.1)	454	10306	0	5874	1632	1774	51	2423	0	2
Firmicutes_A;Clostridia;Clostridiales;Clostridiaceae;Clostridium;s__(RS_GCF_000753455.2)	10	808	0	7274	0	65	0	70	1	13
Firmicutes_A;Clostridia;Oscillospirales;Ruminococcaceae;Ruminococcus_F;s__Ruminococcus_F_champanellensis(RS_GCF_000210095.1)	0	36	0	0	0	17	0	78	0	0
Firmicutes_A;Clostridia;Tissierellales;Helcococcaceae;Anaerococcus;s__(RS_GCF_001182725.1)	0	17	18	0	41	879	0	39	45	506
Firmicutes_C;Negativicutes;Veillonellales;Megasphaeraceae;Megasphaera;s__(RS_GCF_001546855.1)	0	118	0	90	0	0	0	0	0	0
Firmicutes;Bacilli;Lactobacillales;Lactobacillaceae;Lactobacillus;s__Lactobacillus_helveticus(RS_GCF_001308285.1)	0	0	0	10	0	0	0	0	0	0
Bacteroidota;Bacteroidia;Bacteroidales;Bacteroidaceae;Bacteroides_A;s__Bacteroides_A_plebeius(RS_GCF_000187895.1)	0	0	0	597	0	0	0	205	0	0
Firmicutes_A;Clostridia;Lachnospirales;Anaerotignaceae;Anaerotignum;s__(RS_GCF_001304995.1)	0	0	0	34	0	0	0	0	0	0
Bacteroidota;Bacteroidia;Bacteroidales;Bacteroidaceae;Bacteroides;s__Bacteroides_cellulosilyticus(RS_GCF_000526555.1)	3	0	0	0	0	4	0	0	23	0
Firmicutes_A;Clostridia;Tissierellales;Helcococcaceae;Parvimonas;s__Parvimonas_micra(RS_GCF_000154405.1)	0	0	0	7	0	63	56	0	0	0
Firmicutes_A;Clostridia;Lachnospirales;Lachnospiraceae;GCA-900066135;s__(GB_GCA_900066135.1)	12	25	0	880	0	9	0	95	0	0
Firmicutes_A;Clostridia;Lachnospirales;Lachnospiraceae;Roseburia;s__(RS_GCF_001940165.1)	120	324	0	11540	154	91	30	803	5	0
Proteobacteria;Gammaproteobacteria;Enterobacterales;Succinivibrionaceae;Succinivibrio;s__Succinivibrio_dextrinosolvens_B(RS_GCF_900116345.1)	0	2231	0	1055	1041	0	47	17	0	7
Proteobacteria;Alphaproteobacteria;Rhizobiales;Rhizobiaceae;Aquamicrobium;s__Aquamicrobium_sp1(RS_GCF_001705425.1)	0	0	0	0	8	0	12	0	0	7
Bacteroidota;Bacteroidia;Bacteroidales;Bacteroidaceae;Prevotella;s__Prevotella_timonensis(RS_GCF_000762405.1)	126	15	13	0	181	219	3	0	22	418
Firmicutes_A;Clostridia;Tissierellales;Peptoniphilaceae;Peptoniphilus;s__Peptoniphilus_obesi(RS_GCF_000311865.1)	3	446	0	0	146	472	0	397	2	109
Actinobacteriota;Actinobacteria;Propionibacteriales;Nocardioidaceae;Nocardioides;s__(RS_GCF_001428565.1)	0	0	0	0	0	0	6	0	0	0
Firmicutes;Bacilli;RF39;UBA660;UBA660;s__(GB_GCA_002299475.1)	0	0	0	0	0	0	0	7	0	0
Firmicutes_A;Clostridia;Peptostreptococcales;Anaerovoracaceae;Mogibacterium;s__(GB_GCA_001513255.1)	0	0	0	0	0	96	0	30	0	478
Actinobacteriota;Actinobacteria;Actinomycetales;Bifidobacteriaceae;Bifidobacterium;s__Bifidobacterium_vaginalis_A(RS_GCF_001563665.1)	0	0	0	0	0	199	140	0	0	0
Bacteroidota;Bacteroidia;Bacteroidales;Porphyromonadaceae;Porphyromonas;s__(RS_GCF_001808555.1)	34	38	0	0	138	582	0	220	0	58
Actinobacteriota;Coriobacteriia;Coriobacteriales;Eggerthellaceae;DNF00809;s__(RS_GCF_001552935.1)	0	0	0	0	0	13	8	0	0	0
Firmicutes_A;Clostridia;Lachnospirales;Lachnospiraceae;CAG-81;s__(GB_GCA_900066055.1)	38	65	0	1164	15	51	0	88	4	2
Firmicutes_A;Clostridia;Eubacteriales;Eubacteriaceae;Eubacterium_O;s__Eubacterium_O_barkeri(RS_GCF_900107125.1)	3	0	0	0	0	3	0	0	0	226
Proteobacteria;Alphaproteobacteria;Sphingomonadales;Sphingomonadaceae;Novosphingobium;s__Novosphingobium_panipatense(RS_GCF_002149965.1)	0	0	0	0	0	0	0	0	0	11
Firmicutes;Bacilli;Lactobacillales;Lactobacillaceae;Lactobacillus;s__Lactobacillus_johnsonii(RS_GCF_000091405.1)	0	99	10	0	0	0	0	0	0	48
Bacteroidota;Bacteroidia;Bacteroidales;Muribaculaceae;Muribaculum;s__Muribaculum_intestinale(RS_GCF_002201515.1)	0	0	0	111	0	0	0	0	0	0
Proteobacteria;Alphaproteobacteria;Rhizobiales;Rhizobiaceae;Aliihoeflea;s__(RS_GCF_000497755.1)	0	0	0	0	10	0	0	0	0	0
Actinobacteriota;Actinobacteria;Corynebacteriales;Corynebacteriaceae;Corynebacterium;s__Corynebacterium_riegelii(RS_GCF_001263755.1)	0	0	0	0	3352	1	0	0	0	0
Firmicutes_A;Clostridia;Peptostreptococcales;Peptostreptococcaceae;Romboutsia;s__Romboutsia_timonensis(RS_GCF_900106845.1)	75	307	0	8649	40	15	0	152	0	7
Cyanobacteriota;Vampirovibrionia;Gastranaerophilales;Gastranaerophilaceae;UBA2883;s__UBA2883_sp1(GB_GCA_002481545.1)	78	199	0	0	0	0	0	0	0	208
Firmicutes;Bacilli;Erysipelotrichales;Erysipelatoclostridiaceae;Catenibacterium;s__Catenibacterium_mitsuokai(RS_GCF_000173795.1)	404	946	0	1951	313	0	38	840	0	0
Firmicutes_A;Clostridia;Lachnospirales;Lachnospiraceae;Blautia_A;s__(RS_GCF_000285855.1)	199	1831	0	32224	241	747	53	1248	13	9
Proteobacteria;Gammaproteobacteria;Pseudomonadales;Moraxellaceae;Psychrobacter;s__(RS_GCF_002810365.1)	0	0	0	0	0	0	0	0	0	12
Firmicutes_A;Clostridia;Lachnospirales;Lachnospiraceae;Eubacterium_E;s__Eubacterium_E_hallii_A(RS_GCF_900209925.1)	62	138	0	1298	20	56	3	192	3	0
Bacteroidota;Bacteroidia;Bacteroidales;Rikenellaceae;Alistipes_A;s__Alistipes_A_ihumii(RS_GCF_000321205.1)	4	0	0	100	0	0	0	0	0	0
Firmicutes_A;Clostridia;Oscillospirales;Ruminococcaceae;Faecalibacterium;s__Faecalibacterium_prausnitzii(RS_GCF_001406355.1)	142	642	0	442	109	420	77	1524	10	0
Synergistota;Synergistia;Synergistales;Dethiosulfovibrionaceae;Jonquetella;s__Jonquetella_anthropi(RS_GCF_000468895.1)	0	0	0	0	0	6	0	0	0	762
Firmicutes_A;Clostridia;Tissierellales;Ezakiellaceae;Fenollaria;s__Fenollaria_massiliensis(RS_GCF_000312505.2)	2607	1632	2	0	1069	259	19	4536	49	442
Actinobacteriota;Coriobacteriia;Coriobacteriales;Eggerthellaceae;Slackia_A;s__Slackia_A_piriformis(RS_GCF_000296445.1)	0	0	0	17	0	0	0	0	0	0
Firmicutes;Bacilli;Lactobacillales;Aerococcaceae;Facklamia;s__Facklamia_hominis(RS_GCF_000301035.1)	37	191	1	1	127	94	311	25	21	27
Proteobacteria;Gammaproteobacteria;Pseudomonadales;Moraxellaceae;Enhydrobacter;s__Enhydrobacter_aerosaccus(RS_GCF_001679275.1)	0	0	0	2	0	0	0	0	0	24
Actinobacteriota;Actinobacteria;Actinomycetales;Micrococcaceae;Pseudoglutamicibacter;s__Pseudoglutamicibacter_albus(RS_GCF_002847605.1)	0	0	0	0	355	0	0	0	0	10
Firmicutes_A;Clostridia;Tissierellales;Helcococcaceae;Parvimonas;s__(RS_GCF_001553085.1)	0	13	0	0	0	0	0	0	27	0
Bacteroidota;Bacteroidia;Bacteroidales;Bacteroidaceae;Bacteroides;s__Bacteroides_ovatus(RS_GCF_001314995.1)	19	0	0	1267	0	3	0	0	2	0
Actinobacteriota;Coriobacteriia;Coriobacteriales;Eggerthellaceae;Senegalimassilia;s__Senegalimassilia_anaerobia(RS_GCF_000236865.1)	0	101	0	85	53	45	9	29	3	0
Firmicutes;Bacilli;RF39;UBA660;CAG-302;s__CAG-302_sp2(GB_GCA_002375205.1)	0	18	0	0	0	0	0	27	0	0
Firmicutes_C;Negativicutes;Acidaminococcales;Acidaminococcaceae;Succiniclasticum;s__Succiniclasticum_ruminis_A(RS_GCF_900112895.1)	0	2	0	0	0	5	0	2	0	41
Firmicutes_A;Clostridia;Tissierellales;Helcococcaceae;Anaerococcus;s__Anaerococcus_octavius(RS_GCF_002847745.1)	0	967	0	0	1115	6	714	161	0	138
Proteobacteria;Alphaproteobacteria;Caulobacterales;Caulobacteraceae;Brevundimonas;s__Brevundimonas_sp8(RS_GCF_000318405.1)	0	0	0	0	13	0	0	0	0	0
Firmicutes_A;Clostridia;Lachnospirales;Lachnospiraceae;Lachnospira;s__Lachnospira_rogosae(RS_GCF_001405835.1)	9	58	0	2333	25	24	0	65	0	0
Bacteroidota;Bacteroidia;Bacteroidales;Bacteroidaceae;Bacteroides_A;s__Bacteroides_A_coprophilus(RS_GCF_001315785.1)	0	0	0	244	0	0	0	125	0	0
Firmicutes_A;Clostridia;Tissierellales;Helcococcaceae;Anaerococcus;s__Anaerococcus_hydrogenalis(RS_GCF_000173355.1)	0	981	0	0	3	11	24	0	2	0
Firmicutes_A;Clostridia;Lachnospirales;Lachnospiraceae;CAG-65;s__CAG-65_sp3(GB_GCA_900066565.1)	7	83	0	3912	0	43	0	435	3	0
Proteobacteria;Gammaproteobacteria;Enterobacterales;Enterobacteriaceae;Morganella;s__Morganella_morganii(RS_GCF_000286435.2)	0	0	0	821	0	0	0	0	0	0
Firmicutes_A;Clostridia;Oscillospirales;Butyricicoccaceae;Agathobaculum;s__Agathobaculum_sp1(GB_GCA_900066795.1)	54	82	0	3176	38	125	4	214	4	0
Firmicutes_A;Clostridia;Tissierellales;Peptoniphilaceae;Peptoniphilus_A;s__(RS_GCF_900099555.1)	109	760	2	2	270	291	0	518	16	2241
Firmicutes_A;Clostridia;Lachnospirales;Lachnospiraceae;Blautia_A;s__(GB_GCA_900066165.1)	76	128	0	4125	11	65	15	274	13	0
Bacteroidota;Bacteroidia;Bacteroidales;Bacteroidaceae;Prevotella;s__(RS_GCF_000479005.1)	0	516	0	0	0	33	4	0	0	0
Firmicutes_A;Clostridia;Lachnospirales;Lachnospiraceae;Dorea;s__(RS_GCF_900086625.1)	0	23	0	0	0	14	0	8	0	0
Firmicutes_A;Clostridia;Tissierellales;Peptoniphilaceae;Peptoniphilus_B;s__(RS_GCF_000478985.1)	12	119	0	0	27	282	0	109	3	404
Firmicutes_A;Clostridia;Peptostreptococcales;Anaerovoracaceae;Mogibacterium;s__Mogibacterium_timidum(RS_GCF_000525775.1)	182	465	0	0	29	162	0	262	10	49
Firmicutes_A;Clostridia;Oscillospirales;Butyricicoccaceae;Intestinibacillus;s__Intestinibacillus_massiliensis(RS_GCF_900155735.1)	0	9	0	0	0	23	0	0	0	0
Firmicutes;Bacilli;Haloplasmatales;Turicibacteraceae;Turicibacter;s__Turicibacter_sanguinis(RS_GCF_001404715.1)	0	23	0	3861	73	1	0	76	0	0
Firmicutes_A;Clostridia;Tissierellales;Peptoniphilaceae;Peptoniphilus_A;s__(RS_GCF_001815405.1)	0	5102	0	5	3979	7220	5564	1167	176	118
Bacteroidota;Bacteroidia;Bacteroidales;Bacteroidaceae;Prevotella;s__(RS_GCF_002265625.1)	0	205	0	0	0	114	0	0	0	0
Proteobacteria;Alphaproteobacteria;RF32;CAG-239;CAG-495;s__(GB_GCA_001917125.1)	0	0	0	58	0	0	0	14	0	0
Actinobacteriota;Coriobacteriia;Coriobacteriales;Eggerthellaceae;Gordonibacter;s__Gordonibacter_urolithinfaciens(RS_GCF_002159895.1)	0	0	0	14	0	0	0	0	0	0
Bacteroidota;Bacteroidia;Bacteroidales;Bacteroidaceae;Bacteroides;s__(RS_GCF_002632415.1)	16	0	0	1955	0	0	0	24	0	0
Firmicutes_A;Clostridia;Tissierellales;Helcococcaceae;W5053;s__(RS_GCF_000467935.1)	0	0	0	0	0	192	0	42	0	0
Firmicutes_A;Clostridia;Lachnospirales;Lachnospiraceae;CAG-24;s__CAG-24_sp1(GB_GCA_900066775.1)	48	22	0	2847	0	16	0	134	0	0
Firmicutes;Bacilli;Lactobacillales;Lactobacillaceae;Lactobacillus;s__Lactobacillus_jensenii(RS_GCF_001936235.1)	0	3	0	0	3	0	0	0	0	78
Firmicutes;Bacilli;Lactobacillales;Lactobacillaceae;Lactobacillus;s__Lactobacillus_delbrueckii(RS_GCF_002278095.1)	0	0	0	34	0	0	0	0	0	0
Proteobacteria;Alphaproteobacteria;Caulobacterales;Caulobacteraceae;Brevundimonas;s__Brevundimonas_bacteroides(RS_GCF_000701445.1)	0	0	0	0	0	0	39	0	0	0
Firmicutes;Bacilli;RF39;UBA660;CAG-877;s__(GB_GCA_002369415.1)	2	4	0	0	0	14	6	0	0	0
Firmicutes_A;Clostridia;Oscillospirales;Oscillospiraceae;CAG-110;s__(GB_GCA_002393625.1)	10	83	0	620	0	8	9	279	1	10
Firmicutes_A;Clostridia;Oscillospirales;Ruminococcaceae;Ruminococcus_D;s__Ruminococcus_D_bicirculans(GB_GCA_900066405.1)	1	0	0	1907	30	2	8	29	3	0
Firmicutes_A;Clostridia;Oscillospirales;DTU089;Ruminococcus_E;s__(RS_GCF_900100595.1)	25	0	0	11167	10	0	0	0	0	0
Firmicutes_A;Clostridia;Oscillospirales;Ruminococcaceae;Subdoligranulum;s__Subdoligranulum_variabile(RS_GCF_000157955.1)	55	668	0	8019	114	228	58	692	16	0
Bacteroidota;Bacteroidia;Bacteroidales;Marinifilaceae;Odoribacter;s__Odoribacter_splanchnicus(RS_GCF_002159415.1)	6	1	0	132	0	2	0	40	0	0
Actinobacteriota;Actinobacteria;Actinomycetales;Actinomycetaceae;Actinomyces_C;s__Actinomyces_C_urinae(RS_GCF_900119695.1)	10	0	0	0	0	17	0	0	0	0
Firmicutes_A;Clostridia;Tissierellales;Helcococcaceae;Anaerococcus;s__(RS_GCF_900232825.1)	0	0	0	0	54	656	0	609	0	5
Proteobacteria;Alphaproteobacteria;Rhodobacterales;Rhodobacteraceae;Paracoccus;s__(RS_GCF_000967825.1)	0	0	0	9	0	0	101	0	0	10
Proteobacteria;Alphaproteobacteria;Acetobacterales;Acetobacteraceae;Roseomonas;s__(RS_GCF_000245075.1)	0	0	0	0	0	0	3	0	0	0
Firmicutes_A;Clostridia;Lachnospirales;Lachnospiraceae;CAG-56;s__(GB_GCA_900066065.1)	52	13	0	363	0	55	0	85	0	0
Firmicutes_A;Clostridia;Peptostreptococcales;Peptostreptococcaceae;Intestinibacter;s__Intestinibacter_bartlettii(RS_GCF_000154445.1)	7	632	0	4051	51	1	0	383	0	4
Firmicutes_A;Clostridia;Lachnospirales;Lachnospiraceae;Coprococcus;s__Coprococcus_sp1(GB_GCA_900066115.1)	53	106	0	0	22	37	0	3	2	0
Firmicutes_A;Clostridia;Tissierellales;Helcococcaceae;Anaerococcus;s__Anaerococcus_tetradius(RS_GCF_001546165.1)	59	5104	0	0	11	666	2322	706	50	0
Bacteroidota;Bacteroidia;Bacteroidales;Marinifilaceae;Butyricimonas;s__(RS_GCF_002161485.1)	4	0	0	0	0	0	0	9	0	0
Firmicutes_A;Clostridia;Tissierellales;Helcococcaceae;Anaerococcus;s__Anaerococcus_prevotii(RS_GCF_000024105.1)	8	1507	0	0	0	7	397	200	0	25
Cyanobacteriota;Vampirovibrionia;Gastranaerophilales;Gastranaerophilaceae;Zag1;s__Zag1_sp3(GB_GCA_001765415.1)	0	10	0	427	0	0	0	172	0	0
Actinobacteriota;Actinobacteria;Actinomycetales;Brevibacteriaceae;Brevibacterium;s__Brevibacterium_ravenspurgense(RS_GCF_001584355.1)	0	0	0	0	513	0	0	0	0	101
Bacteroidota;Bacteroidia;Bacteroidales;Bacteroidaceae;Prevotella;s__Prevotella_stercorea(RS_GCF_000235885.1)	0	239	0	0	0	0	0	0	0	0
Actinobacteriota;Coriobacteriia;Coriobacteriales;Atopobiaceae;Olegusella;s__Olegusella_massiliensis(RS_GCF_900078545.1)	23	9	1	0	0	9	0	0	3	439
Actinobacteriota;Actinobacteria;Actinomycetales;Bifidobacteriaceae;Bifidobacterium;s__Bifidobacterium_moukalabense(RS_GCF_000522505.1)	0	1	0	0	0	0	0	0	0	27
Firmicutes;Bacilli;Erysipelotrichales;Erysipelatoclostridiaceae;Coprobacillus;s__Coprobacillus_cateniformis(RS_GCF_000269565.1)	33	0	0	5	0	0	0	2	0	0
Actinobacteriota;Actinobacteria;Corynebacteriales;Corynebacteriaceae;Corynebacterium;s__Corynebacterium_glaucum(RS_GCF_002287505.1)	0	25	0	0	0	5	76	102	0	71
Firmicutes_C;Negativicutes;Veillonellales;Veillonellaceae;Veillonella_A;s__Veillonella_A_seminalis(RS_GCF_000315505.1)	0	93	0	0	127	3	2	12	4	0
Actinobacteriota;Actinobacteria;Actinomycetales;Bifidobacteriaceae;Bifidobacterium;s__Bifidobacterium_vaginale_C(RS_GCF_000263595.1)	0	0	0	0	0	1072	931	0	0	0
Firmicutes;Bacilli;Lactobacillales;Aerococcaceae;Facklamia_A;s__Facklamia_A_ignava(RS_GCF_000301055.1)	0	10	0	0	13	3	0	0	0	38
Firmicutes;Bacilli;RF39;UBA660;CAG-878;s__(GB_GCA_000432255.1)	0	7	0	0	0	0	0	0	0	0
Firmicutes;Bacilli;Staphylococcales;Gemellaceae;Gemella_A;s__Gemella_A_asaccharolytica(RS_GCF_001553005.1)	0	2	0	40	0	0	0	0	0	9
Campylobacterota;Campylobacteria;Campylobacterales;Campylobacteraceae;Campylobacter_A;s__Campylobacter_A_concisus_A(RS_GCF_000017725.2)	0	0	0	6	0	0	0	0	0	0
Proteobacteria;Alphaproteobacteria;Sphingomonadales;Sphingomonadaceae;Porphyrobacter_A;s__Porphyrobacter_A_mercurialis(RS_GCF_000802385.1)	0	0	0	0	0	0	70	0	0	0
Firmicutes_A;Clostridia;Oscillospirales;Ruminococcaceae;Massilioclostridium;s__Massilioclostridium_coli(RS_GCF_900095865.1)	0	0	0	200	0	0	0	0	0	0
Actinobacteriota;Coriobacteriia;Coriobacteriales;Atopobiaceae;Olegusella;s__(RS_GCF_000466405.1)	0	0	0	0	0	897	390	0	0	0
Proteobacteria;Gammaproteobacteria;Pseudomonadales;Moraxellaceae;Acinetobacter;s__Acinetobacter_ursingii(RS_GCF_000368825.1)	0	0	0	0	0	0	0	0	0	100
Deferribacterota;Deferribacteres;Deferribacterales;Mucispirillaceae;Mucispirillum;s__Mucispirillum_schaedleri(RS_GCF_000487995.1)	0	0	0	6	0	0	0	0	0	0
Firmicutes_A;Clostridia;Oscillospirales;DTU089;DTU053;s__(GB_GCA_001512765.1)	53	142	0	1440	9	40	6	0	0	3
Actinobacteriota;Actinobacteria;Actinomycetales;Actinomycetaceae;Mobiluncus;s__Mobiluncus_curtisii(RS_GCF_000185445.1)	358	192	0	0	7	25	8	201	0	439
Firmicutes_A;Clostridia;Lachnospirales;Lachnospiraceae;Blautia_A;s__(GB_GCA_900066145.1)	0	36	0	56	0	74	0	6	3	0
Proteobacteria;Gammaproteobacteria;Betaproteobacteriales;Burkholderiaceae;Pelistega;s__Pelistega_indica(RS_GCF_900099475.1)	0	0	0	0	157	0	0	0	0	0
Firmicutes_A;Clostridia;Lachnospirales;Lachnospiraceae;Dorea;s__Dorea_formicigenerans(RS_GCF_000169235.1)	70	404	0	760	52	73	0	173	0	0
Elusimicrobiota;Elusimicrobia;Elusimicrobiales;Elusimicrobiaceae;UBA1436;s__(GB_GCA_002432025.1)	0	3	0	0	0	0	0	0	0	0
Firmicutes_A;Clostridia;Oscillospirales;DTU089;Ruminococcus_E;s__Ruminococcus_E_bromii(GB_GCA_900067015.1)	487	758	0	19817	65	171	63	1942	8	6
Bacteroidota;Bacteroidia;Bacteroidales;Rikenellaceae;Alistipes;s__Alistipes_putredinis(RS_GCF_000154465.1)	31	0	0	955	0	0	0	33	0	0
Bacteroidota;Bacteroidia;Bacteroidales;Tannerellaceae;Parabacteroides;s__(RS_GCF_900155425.1)	0	8	0	0	0	0	0	23	0	0
Proteobacteria;Gammaproteobacteria;Xanthomonadales;Xanthomonadaceae;Luteimonas;s__Luteimonas_abyssi(RS_GCF_001482195.1)	0	0	0	0	7	0	0	0	0	0
Firmicutes_A;Clostridia;Oscillospirales;Oscillospiraceae;Clostridium_AJ;s__(RS_GCF_000177015.3)	0	0	0	36	0	1	4	0	0	13
Firmicutes;Bacilli;Lactobacillales;Aerococcaceae;Dolosicoccus;s__Dolosicoccus_paucivorans(RS_GCF_900100125.1)	0	0	0	0	189	0	39	0	0	1
Firmicutes_A;Clostridia;Saccharofermentanales;KA00274;KA00274;s__(RS_GCF_001552885.1)	0	0	0	0	0	141	177	0	0	0
Firmicutes_C;Negativicutes;Veillonellales;Megasphaeraceae;Anaeroglobus;s__Anaeroglobus_geminatus(RS_GCF_000239275.1)	0	0	0	0	0	0	0	2	0	314
Fusobacteriota;Fusobacteriia;Fusobacteriales;Leptotrichiaceae;Sneathia;s__Sneathia_amnii(RS_GCF_000973085.1)	0	0	0	0	0	18	144	0	0	0
Bacteroidota;Bacteroidia;Bacteroidales;Bacteroidaceae;Bacteroides;s__Bacteroides_finegoldii(RS_GCF_000156195.1)	0	0	0	678	0	5	0	12	0	2
Firmicutes_A;Clostridia;Tissierellales;Helcococcaceae;Anaerococcus;s__Anaerococcus_provencensis(RS_GCF_000312365.2)	4	2961	0	0	1296	27	215	201	1	71
Bacteroidota;Bacteroidia;Bacteroidales;Bacteroidaceae;Bacteroides_B;s__Bacteroides_B_dorei(RS_GCF_001640865.1)	100	25	0	519	0	0	0	174	0	0
Firmicutes_A;Clostridia;Lachnospirales;Lachnospiraceae;Hungatella;s__Hungatella_hathewayi_A(RS_GCF_001405675.1)	95	0	0	0	0	0	0	0	0	0
Bacteroidota;Bacteroidia;Bacteroidales;Bacteroidaceae;Prevotella;s__Prevotella_buccalis_A(RS_GCF_000177075.1)	173	1622	0	0	95	562	7	427	2	58
Bacteroidota;Bacteroidia;Bacteroidales;Porphyromonadaceae;Porphyromonas;s__Porphyromonas_somerae(RS_GCF_001815465.1)	80	3	0	0	41	70	0	0	1	0
Firmicutes_A;Clostridia;Oscillospirales;Ruminococcaceae;Ruthenibacterium;s__Ruthenibacterium_lactatiformans(RS_GCF_000949455.1)	1	4	0	21	0	0	0	1	0	8
Actinobacteriota;Actinobacteria;Actinomycetales;Bifidobacteriaceae;Bifidobacterium;s__Bifidobacterium_adolescentis_A(RS_GCF_000737885.1)	784	325	0	12178	584	0	184	798	17	17
Firmicutes_A;Clostridia;Lachnospirales;Lachnospiraceae;Blautia;s__(RS_GCF_900120295.1)	0	0	0	754	9	0	0	0	0	0
Actinobacteriota;Actinobacteria;Corynebacteriales;Corynebacteriaceae;Corynebacterium;s__(RS_GCF_001767255.1)	15	319	2	0	0	53	0	296	4	0
Proteobacteria;Gammaproteobacteria;Betaproteobacteriales;Burkholderiaceae;Sutterella;s__Sutterella_sp3(RS_GCF_001578585.1)	0	26	2	573	0	0	0	35	49	0
Bacteroidota;Bacteroidia;Bacteroidales;Bacteroidaceae;Bacteroides;s__Bacteroides_eggerthii(RS_GCF_000273465.1)	158	0	0	2235	0	1	0	25	0	6
Bacteroidota;Bacteroidia;Bacteroidales;UBA932;RC9;s__(GB_GCA_000435075.1)	0	66	0	0	0	0	0	0	0	0
Firmicutes_A;Clostridia;Oscillospirales;Ruminococcaceae;Bittarella;s__(GB_GCA_900066655.1)	958	0	0	18429	0	81	0	597	155	17
Firmicutes_A;Clostridia;Lachnospirales;Lachnospiraceae;Roseburia;s__Roseburia_intestinalis(GB_GCA_000210655.1)	0	0	0	7328	0	11	0	0	0	0
Firmicutes_A;Clostridia;4C28d-15;UBA1242;UBA4626;s__(GB_GCA_002406115.1)	0	11	0	0	0	0	0	0	0	0
Proteobacteria;Alphaproteobacteria;Sphingomonadales;Sphingomonadaceae;Sphingomonas;s__Sphingomonas_adhaesiva(RS_GCF_002374855.1)	0	0	0	0	0	0	3	0	0	0
Actinobacteriota;Actinobacteria;Corynebacteriales;Corynebacteriaceae;Corynebacterium;s__Corynebacterium_atypicum(RS_GCF_000732945.1)	0	0	0	0	471	0	0	0	0	319
Actinobacteriota;Actinobacteria;Actinomycetales;Dermabacteraceae;Dermabacter;s__Dermabacter_hominis(RS_GCF_001570785.1)	0	0	0	0	0	1	56	22	0	0
Bacteroidota;Bacteroidia;Bacteroidales;Bacteroidaceae;Bacteroides;s__Bacteroides_rodentium(GB_GCA_000614125.1)	260	5	0	932	0	26	0	167	29	0
Actinobacteriota;Actinobacteria;Corynebacteriales;Corynebacteriaceae;Lawsonella;s__Lawsonella_clevelandensis(RS_GCF_001293125.1)	0	59	2	0	138	160	148	70	0	293
Firmicutes_C;Negativicutes;Veillonellales;Megasphaeraceae;Anaeroglobus;s__(RS_GCF_000478965.1)	32	0	0	0	0	19	0	0	0	6
Firmicutes_C;Negativicutes;Veillonellales;Dialisteraceae;Allisonella;s__Allisonella_histaminiformans(RS_GCF_900103425.1)	0	103	0	27	0	10	0	20	0	0
Actinobacteriota;Actinobacteria;Actinomycetales;Actinomycetaceae;Urmitella;s__Urmitella_timonensis(RS_GCF_900120415.1)	0	471	0	0	0	0	0	0	0	0
Proteobacteria;Gammaproteobacteria;Enterobacterales;Vibrionaceae;Vibrio;s__(RS_GCF_002157735.1)	0	0	0	0	0	0	0	0	0	4
Bacteroidota;Bacteroidia;Bacteroidales;Paludibacteraceae;F0058;s__(RS_GCF_000163695.1)	0	0	0	3	0	0	0	0	0	0
Firmicutes_A;Clostridia;Oscillospirales;Ruminococcaceae;Ruminococcus_C;s__(GB_GCA_000980705.1)	0	0	0	0	26	0	0	0	0	0
Firmicutes_A;Clostridia;Tissierellales;Helcococcaceae;Anaerococcus;s__(RS_GCF_900128425.1)	0	0	0	0	0	3	12	0	0	0
Campylobacterota;Campylobacteria;Campylobacterales;Campylobacteraceae;Campylobacter_B;s__Campylobacter_B_ureolyticus(RS_GCF_001190755.1)	28	457	0	1	61	55	0	109	1	121
Actinobacteriota;Actinobacteria;Actinomycetales;Dermabacteraceae;Dermabacter;s__Dermabacter_hominis(RS_GCF_001807345.1)	0	0	0	0	83	0	83	0	0	0
Firmicutes_C;Negativicutes;Selenomonadales;Selenomonadaceae;Mitsuokella;s__Mitsuokella_jalaludinii(RS_GCF_001404615.1)	0	209	0	0	0	0	20	0	0	0
Proteobacteria;Gammaproteobacteria;Betaproteobacteriales;Burkholderiaceae;Dakarella;s__Dakarella_massiliensis(RS_GCF_001182045.1)	4	0	0	0	0	0	0	0	0	18
Proteobacteria;Gammaproteobacteria;Betaproteobacteriales;Aquaspirillaceae;Microvirgula;s__Microvirgula_aerodenitrificans(RS_GCF_000620105.1)	0	0	0	2	0	0	0	0	0	0
Firmicutes_A;Clostridia;Christensenellales;CAG-138;PeH17;s__PeH17_sp1(GB_GCA_000435055.1)	4	14	0	0	0	0	0	28	0	0
Firmicutes_A;Clostridia;Lachnospirales;Lachnospiraceae;Ruminococcus_B;s__Ruminococcus_B_lactaris(RS_GCF_000507785.1)	12	170	0	1918	0	3	0	3	1	0
Bacteroidota;Bacteroidia;Bacteroidales;Bacteroidaceae;Bacteroides_B;s__Bacteroides_B_massiliensis(RS_GCF_000382445.1)	31	0	0	6285	0	18	0	15	183	0
Euryarchaeota;Methanobacteria;Methanobacteriales;Methanobacteriaceae;Methanobrevibacter_A;s__Methanobrevibacter_A_smithii_A(RS_GCF_002252585.1)	17	59	0	0	7	23	16	10	0	103
Actinobacteriota;Actinobacteria;Corynebacteriales;Corynebacteriaceae;Corynebacterium;s__Corynebacterium_glucuronolyticum(RS_GCF_000159595.1)	0	0	0	0	0	0	1186	71	0	0
Bacteroidota;Bacteroidia;Flavobacteriales;Weeksellaceae;Empedobacter;s__Empedobacter_falsenii(GB_GCA_002333005.1)	0	0	0	0	0	0	0	0	0	14
Firmicutes_A;Clostridia;Peptostreptococcales;Anaerovoracaceae;Eubacterium_A;s__Eubacterium_A_nodatum(RS_GCF_000510425.1)	0	0	0	0	0	0	0	0	0	22
Actinobacteriota;Actinobacteria;Actinomycetales;Bifidobacteriaceae;Alloscardovia;s__Alloscardovia_macacae_A(RS_GCF_002259705.1)	254	0	15	1	0	0	0	0	1	0
Firmicutes_A;Clostridia;Tissierellales;Ezakiellaceae;Ezakiella;s__(RS_GCF_000758845.1)	757	527	0	0	360	987	16	68	23	372
Firmicutes_A;Clostridia;Peptostreptococcales;Peptostreptococcaceae;Terrisporobacter;s__Terrisporobacter_glycolicus(RS_GCF_000373865.1)	4095	0	3	0	1122	678	0	0	1707	0
Proteobacteria;Gammaproteobacteria;Betaproteobacteriales;Burkholderiaceae;Massilia;s__Massilia_sp3(RS_GCF_001426525.1)	0	0	0	0	4	0	12	0	0	0
Firmicutes_C;Negativicutes;Veillonellales;Megasphaeraceae;28L;s__28L_sp1(RS_GCF_000177555.1)	0	0	0	0	0	348	83	0	0	0
Actinobacteriota;Actinobacteria;Actinomycetales;Actinomycetaceae;Arcanobacterium_A;s__Arcanobacterium_A_urinimassiliense(RS_GCF_900119495.1)	0	0	0	0	0	2	0	3	0	0
Firmicutes_A;Clostridia;Tissierellales;Helcococcaceae;Levyella;s__Levyella_massiliensis(RS_GCF_000308275.2)	0	0	0	0	370	389	10	2	9	40
Firmicutes_A;Clostridia;Oscillospirales;Oscillospiraceae;Oscillibacter;s__Oscillibacter_sp6(GB_GCA_900066625.1)	2	0	0	70	0	0	0	0	0	0
Actinobacteriota;Actinobacteria;Actinomycetales;Micrococcaceae;Rothia;s__Rothia_mucilaginosa(GB_GCA_002861015.1)	0	0	0	96	0	0	0	0	0	0
Firmicutes_A;Clostridia;Oscillospirales;Oscillospiraceae;Flavonifractor;s__(RS_GCF_002159265.1)	2	17	0	0	0	0	0	38	0	0
Bacteroidota;Bacteroidia;Bacteroidales;Bacteroidaceae;Prevotella;s__(RS_GCF_000758925.1)	0	491	0	0	79	42	0	1	0	34
Bacteroidota;Bacteroidia;Bacteroidales;Bacteroidaceae;Prevotella;s__(RS_GCF_002251385.1)	0	32	0	0	0	0	0	144	0	0
Firmicutes_A;Clostridia;Peptostreptococcales;Anaerovoracaceae;Eubacterium_B;s__Eubacterium_B_sulci(RS_GCF_000526055.1)	0	0	0	0	0	0	0	0	0	21
Bacteroidota;Bacteroidia;Bacteroidales;Rikenellaceae;Tidjanibacter;s__Tidjanibacter_massiliensis(RS_GCF_900104605.1)	0	0	0	106	0	0	0	0	0	0
Bacteroidota;Bacteroidia;Sphingobacteriales;Sphingobacteriaceae;Pedobacter;s__(GB_GCA_002455875.1)	0	0	0	0	0	0	23	0	0	0
Bacteroidota;Bacteroidia;Bacteroidales;Porphyromonadaceae;Porphyromonas;s__Porphyromonas_asaccharolytica(RS_GCF_000212375.1)	86	115	0	0	0	135	0	223	0	90
Bacteroidota;Bacteroidia;Flavobacteriales;Weeksellaceae;Chryseobacterium_D;s__Chryseobacterium_D_taklimakanense(RS_GCF_900187185.1)	0	0	0	2	245	0	3	0	0	0
Actinobacteriota;Coriobacteriia;Coriobacteriales;Atopobiaceae;Libanicoccus;s__Libanicoccus_massiliensis(RS_GCF_900143685.1)	0	50	0	0	0	0	0	0	0	0
Proteobacteria;Gammaproteobacteria;Betaproteobacteriales;Burkholderiaceae;Sutterella;s__Sutterella_wadsworthensis(GB_GCA_000980335.1)	222	2	0	1294	0	0	0	64	6	0
Firmicutes_A;Clostridia;Lachnospirales;Lachnospiraceae;Blautia_A;s__(GB_GCA_900066505.1)	4	15	0	170	0	0	0	317	0	0
Firmicutes_A;Clostridia;Lachnospirales;Lachnospiraceae;Lachnospira;s__Lachnospira_eligens_A(RS_GCF_000146185.1)	10	61	0	1490	94	59	0	225	0	0
Firmicutes_A;Clostridia;Tissierellales;Helcococcaceae;Ndongobacter;s__Ndongobacter_massiliensis(RS_GCF_900120375.1)	0	0	0	0	0	22	0	5	0	102
Firmicutes_A;Clostridia;Lachnospirales;Lachnospiraceae;Ruminococcus_B;s__Ruminococcus_B_glycyrrhizinilyticum(RS_GCF_000218385.1)	0	31	0	34	36	0	0	1	0	0
Actinobacteriota;Actinobacteria;Corynebacteriales;Corynebacteriaceae;Corynebacterium;s__(RS_GCF_001875725.1)	0	437	0	0	0	0	0	0	0	0
Actinobacteriota;Actinobacteria;Actinomycetales;Micrococcaceae;Rothia;s__Rothia_mucilaginosa_A(RS_GCF_001809565.1)	0	0	0	43	0	0	0	0	0	0
Firmicutes_A;Clostridia;Tissierellales;Ezakiellaceae;Ezakiella;s__Ezakiella_massiliensis(RS_GCF_900120165.1)	0	0	0	0	0	30	0	0	0	0
Bacteroidota;Bacteroidia;Bacteroidales;Tannerellaceae;Parabacteroides_A;s__(RS_GCF_001704385.2)	0	0	0	49	0	0	0	0	0	0
Proteobacteria;Gammaproteobacteria;Betaproteobacteriales;Burkholderiaceae;CAG-521;s__(GB_GCA_000437635.1)	0	0	0	98	0	0	0	0	0	0
Firmicutes_A;Clostridia;Clostridiales;Clostridiaceae;Proteiniclasticum;s__Proteiniclasticum_ruminis(RS_GCF_900099635.1)	0	0	0	0	0	0	5	0	0	0
Actinobacteriota;Actinobacteria;Actinomycetales;Actinomycetaceae;Actinomyces_B;s__Actinomyces_B_turicensis_A(RS_GCF_002847545.1)	76	5	0	0	0	0	0	0	6	0
Firmicutes_A;Clostridia;Lachnospirales;Lachnospiraceae;Agathobacter;s__Agathobacter_rectalis(RS_GCF_001404855.1)	0	0	0	0	0	0	0	220	0	0
Firmicutes_A;Clostridia;Peptostreptococcales;Anaerovoracaceae;UBA1191;s__(GB_GCA_900066305.1)	2	27	0	23	0	12	0	29	0	10
Proteobacteria;Gammaproteobacteria;Pseudomonadales;Pseudomonadaceae;Pseudomonas_A;s__Pseudomonas_A_stutzeri_Z(GB_GCA_002376625.1)	0	0	0	0	0	0	102	0	0	0
Firmicutes_A;Clostridia;Saccharofermentanales;Mageeibacillaceae;Mageeibacillus;s__Mageeibacillus_indolicus(RS_GCF_000025225.2)	0	0	0	0	0	21	7	0	0	0
Cyanobacteriota;Vampirovibrionia;Gastranaerophilales;Gastranaerophilaceae;CAG-306;s__CAG-306_sp1(GB_GCA_000980455.1)	0	0	0	55	0	0	0	0	0	0
Firmicutes;Bacilli;Lactobacillales;Aerococcaceae;Aerococcus;s__Aerococcus_christensenii(RS_GCF_001543105.1)	0	0	0	0	0	10	140	0	0	0
Firmicutes_A;Clostridia;Oscillospirales;Ruminococcaceae;Ruminococcus;s__Ruminococcus_flavefaciens_Q(RS_GCF_900119075.1)	17	24	0	0	0	0	0	0	0	0
Bacteroidota;Bacteroidia;Bacteroidales;Bacteroidaceae;Paraprevotella;s__Paraprevotella_xylaniphila(RS_GCF_000205165.1)	21	0	0	0	0	0	0	72	0	0
Synergistota;Synergistia;Synergistales;Dethiosulfovibrionaceae;Jonquetella;s__Jonquetella_anthropi(RS_GCF_000237805.1)	0	0	0	0	0	0	0	0	0	1666
Actinobacteriota;Coriobacteriia;Coriobacteriales;Atopobiaceae;Olsenella;s__Olsenella_urininfantis(RS_GCF_900155635.1)	7	7	0	3	0	0	0	0	0	0
Firmicutes_A;Clostridia;Lachnospirales;Lachnospiraceae;TF01-11;s__(RS_GCF_001414325.1)	0	0	0	1203	0	0	0	0	0	0
Firmicutes;Bacilli;Lactobacillales;Aerococcaceae;Aerococcus;s__Aerococcus_urinaehominis(RS_GCF_001543245.1)	0	0	0	0	5	0	0	6	0	0
Firmicutes;Bacilli;Mycoplasmatales;Mycoplasmataceae_B;Mycoplasma_D;s__Mycoplasma_D_hominis(RS_GCF_000935875.1)	0	0	0	0	0	0	53	0	0	0
Fusobacteriota;Fusobacteriia;Fusobacteriales;Fusobacteriaceae;Fusobacterium_A;s__Fusobacterium_A_mortiferum(RS_GCF_000158195.2)	0	0	0	0	0	0	63	0	0	0
Bacteroidota;Bacteroidia;Flavobacteriales;Weeksellaceae;Vaginella;s__Vaginella_massiliensis(RS_GCF_900089075.1)	0	0	0	0	129	1	0	11	0	0
Bacteroidota;Bacteroidia;Bacteroidales;Coprobacteraceae;Coprobacter;s__Coprobacter_fastidiosus(RS_GCF_000473955.1)	0	0	0	8	0	0	0	0	0	0
Bacteroidota;Bacteroidia;Bacteroidales;Bacteroidaceae;Phocaeicola;s__Phocaeicola_abscessus(RS_GCF_000312445.1)	0	0	0	0	0	0	0	0	0	95
Firmicutes_A;Clostridia;Peptostreptococcales;Anaerovoracaceae;Eubacterium_A;s__Eubacterium_A_pyruvativorans(RS_GCF_900116785.1)	0	0	0	0	0	2	0	0	0	21
Firmicutes;Bacilli;Erysipelotrichales;Erysipelatoclostridiaceae;Erysipelatoclostridium;s__Erysipelatoclostridium_spiroforme(RS_GCF_002159775.1)	0	0	0	529	0	0	0	0	0	0
Actinobacteriota;Coriobacteriia;Coriobacteriales;Eggerthellaceae;Slackia;s__Slackia_exigua(RS_GCF_000293015.1)	6	0	0	0	10	5	0	6	0	0
Firmicutes_A;Clostridia;Tissierellales;Helcococcaceae;Helcococcus;s__Helcococcus_kunzii(RS_GCF_000245755.1)	0	0	0	0	52	0	0	0	0	0
